"台中西屯","彰化中正","144.771453009127"
"台中西屯","新竹竹科","58.5920332726664"
"台中西屯","台北頂好","3.10623538888904"
"台中西屯","永和竹林","3.78838195870865"
"台中西屯","台中精誠","132.091257251043"
"台中西屯","大雅民生","126.410578733882"
"台中西屯","高雄慶豐","292.446216061291"
"台中西屯","淡水中正東","13.4599381871674"
"台中西屯","台北汐止","11.7875139314277"
"台中西屯","台南東門","264.143740340152"
"台中西屯","彰化員林","154.437695300546"
"台中西屯","台東中華","257.854618044671"
"台中西屯","苗栗府前","88.7529649874662"
"台中西屯","台北威秀","5.2402392915518"
"台中西屯","台中向上","132.530044598027"
"台中西屯","台中文心","128.958493233869"
"台中西屯","高雄楠梓","284.768829956746"
"台中西屯","高雄富國","292.491914301936"
"台中西屯","新莊幸福二","6.67676207956441"
"台中西屯","龍潭中正","36.2036196642151"
"台中西屯","台北站前","0"
"台中西屯","台北敦南","4.02008592341121"
"台中西屯","台北民生東","3.73934007116726"
"台中西屯","台北大湖","9.3819228374735"
"台中西屯","板橋新埔","5.56576438452518"
"台中西屯","彰化孔門","145.778217180549"
"台中西屯","沙鹿中山二","131.411567656166"
"台中西屯","高雄九如","293.991090745201"
"台中西屯","高雄青年","296.373734718254"
"台中西屯","中壢中正二","31.9080996753519"
"台中西屯","龜山迴龍","11.469203816802"
"台中西屯","台中沙鹿","137.927135647293"
"台中西屯","雲林虎尾","184.66457548266"
"台中西屯","鳳山五甲二","298.415225411286"
"台中西屯","高雄德賢","285.940367150159"
"台中西屯","高雄華榮","292.169953390593"
"嘉義中山","彰化中正","68.054756549745"
"嘉義中山","新竹竹科","156.155781990452"
"嘉義中山","台北頂好","206.38978177518"
"嘉義中山","永和竹林","202.128034248293"
"嘉義中山","台中精誠","77.7846732179936"
"嘉義中山","大雅民生","85.5734764299357"
"嘉義中山","高雄慶豐","91.8369326837963"
"嘉義中山","淡水中正東","212.738866350445"
"嘉義中山","台北汐止","213.355340212679"
"嘉義中山","台南東門","59.54648380223"
"嘉義中山","彰化員林","54.4353248488732"
"嘉義中山","台東中華","108.278772314654"
"嘉義中山","苗栗府前","125.96747436212"
"嘉義中山","台北威秀","206.922731166172"
"嘉義中山","台中向上","77.176278240722"
"嘉義中山","台中文心","80.6051187138113"
"嘉義中山","高雄楠梓","84.5007023844974"
"嘉義中山","高雄富國","92.2910945148893"
"嘉義中山","新莊幸福二","201.990932771557"
"嘉義中山","龍潭中正","172.918083765449"
"嘉義中山","台北站前","205.14953584402"
"嘉義中山","台北敦南","204.963507788217"
"嘉義中山","台北民生東","208.134980155656"
"嘉義中山","台北大湖","213.250442074034"
"嘉義中山","板橋新埔","200.422602342768"
"嘉義中山","彰化孔門","67.2774327923764"
"嘉義中山","沙鹿中山二","85.787433849849"
"嘉義中山","高雄九如","94.3076767606964"
"嘉義中山","高雄青年","96.5073032535179"
"嘉義中山","中壢中正二","181.662708910518"
"嘉義中山","龜山迴龍","196.822783675682"
"嘉義中山","台中沙鹿","78.0674716551622"
"嘉義中山","雲林虎尾","25.6003828846839"
"嘉義中山","鳳山五甲二","99.3880083351969"
"嘉義中山","高雄德賢","85.0740123549711"
"嘉義中山","高雄華榮","91.6272883240073"
"台南成功","彰化中正","125.775591435517"
"台南成功","新竹竹科","214.968526961877"
"台南成功","台北頂好","264.820264130862"
"台南成功","永和竹林","260.57705444946"
"台南成功","台中精誠","136.270612862553"
"台南成功","大雅民生","143.851784567708"
"台南成功","高雄慶豐","37.8432315251346"
"台南成功","淡水中正東","271.493651156721"
"台南成功","台北汐止","271.595324190696"
"台南成功","台南東門","1.85273371305112"
"台南成功","彰化員林","112.774881487636"
"台南成功","台東中華","100.242898052309"
"台南成功","苗栗府前","184.532355434232"
"台南成功","台北威秀","265.286205687432"
"台南成功","台中向上","135.680799042334"
"台南成功","台中文心","139.169422802929"
"台南成功","高雄楠梓","32.2837752056375"
"台南成功","高雄富國","38.8479686977005"
"台南成功","新莊幸福二","260.653397640448"
"台南成功","龍潭中正","231.761880989402"
"台南成功","台北站前","263.664425961557"
"台南成功","台北敦南","263.357338628637"
"台南成功","台北民生東","266.583250861718"
"台南成功","台北大湖","271.619504473153"
"台南成功","板橋新埔","259.017360377909"
"台南成功","彰化孔門","124.921612337418"
"台南成功","沙鹿中山二","143.179313947698"
"台南成功","高雄九如","41.3382555708207"
"台南成功","高雄青年","42.9873175222553"
"台南成功","中壢中正二","240.534117350501"
"台南成功","龜山迴龍","255.529436797742"
"台南成功","台中沙鹿","135.422770539348"
"台南成功","雲林虎尾","82.4418079487279"
"台南成功","鳳山五甲二","46.6351702650119"
"台南成功","高雄德賢","31.691889274213"
"台南成功","高雄華榮","37.7617598967864"
"南京三民","彰化中正","148.276231192473"
"南京三民","新竹竹科","62.8363802549235"
"南京三民","台北頂好","1.79583112801468"
"南京三民","永和竹林","6.05011115994214"
"南京三民","台中精誠","135.540207989296"
"南京三民","大雅民生","129.993312879397"
"南京三民","高雄慶豐","294.920331325641"
"南京三民","淡水中正東","15.4980456816204"
"南京三民","台北汐止","7.23885300496447"
"南京三民","台南東門","266.923982236174"
"南京三民","彰化員林","157.72584272929"
"南京三民","台東中華","259.102828583688"
"南京三民","苗栗府前","92.7224491125007"
"南京三民","台北威秀","1.82989310357148"
"南京三民","台中向上","135.96774115842"
"南京三民","台中文心","132.406887902417"
"南京三民","高雄楠梓","287.241046628009"
"南京三民","高雄富國","294.945760170923"
"南京三民","新莊幸福二","11.2002991250169"
"南京三民","龍潭中正","40.3504919498996"
"南京三民","台北站前","4.56529314330003"
"南京三民","台北敦南","3.14124562030588"
"南京三民","台北民生東","1.27747294996225"
"南京三民","台北大湖","5.32288230025793"
"南京三民","板橋新埔","9.98720774528686"
"南京三民","彰化孔門","149.285056822244"
"南京三民","沙鹿中山二","135.152631000728"
"南京三民","高雄九如","296.417385449973"
"南京三民","高雄青年","298.804136123591"
"南京三民","中壢中正二","36.3946617095166"
"南京三民","龜山迴龍","15.9981823262806"
"南京三民","台中沙鹿","141.584376698742"
"南京三民","雲林虎尾","187.844196864848"
"南京三民","鳳山五甲二","300.802537877418"
"南京三民","高雄德賢","288.439425664046"
"南京三民","高雄華榮","294.64123116057"
"新豐新興二","彰化中正","98.0258678326355"
"新豐新興二","新竹竹科","9.25639551150231"
"新豐新興二","台北頂好","58.9426729078376"
"新豐新興二","永和竹林","55.3060480627321"
"新豐新興二","台中精誠","86.6435503818284"
"新豐新興二","大雅民生","79.4162415173863"
"新豐新興二","高雄慶豐","255.074596131738"
"新豐新興二","淡水中正東","56.7431256944164"
"新豐新興二","台北汐止","67.8678417669874"
"新豐新興二","台南東門","223.563188942276"
"新豐新興二","彰化員林","110.144558319622"
"新豐新興二","台東中華","235.912479528314"
"新豐新興二","苗栗府前","38.5549141337369"
"新豐新興二","台北威秀","60.6568033136692"
"新豐新興二","台中向上","87.2136434822607"
"新豐新興二","台中文心","83.6849183505066"
"新豐新興二","高雄楠梓","247.521129771098"
"新豐新興二","高雄富國","255.357696481606"
"新豐新興二","新莊幸福二","50.1679720950999"
"新豐新興二","龍潭中正","22.3691437524196"
"新豐新興二","台北站前","56.2182871490062"
"新豐新興二","台北敦南","58.5718301420774"
"新豐新興二","台北民生東","59.9576248342822"
"新豐新興二","台北大湖","65.5491947806652"
"新豐新興二","板橋新埔","50.6857950072254"
"新豐新興二","彰化孔門","98.9690450895415"
"新豐新興二","沙鹿中山二","82.0692176801462"
"新豐新興二","高雄九如","257.161245546155"
"新豐新興二","高雄青年","259.465100243272"
"新豐新興二","中壢中正二","24.3592114503436"
"新豐新興二","龜山迴龍","44.8023797517325"
"新豐新興二","台中沙鹿","89.4455831351519"
"新豐新興二","雲林虎尾","140.799886012973"
"新豐新興二","鳳山五甲二","261.986862860995"
"新豐新興二","高雄德賢","248.360933894566"
"新豐新興二","高雄華榮","254.835187651693"
"台東更生","彰化中正","159.420808090853"
"台東更生","新竹竹科","225.884728622569"
"台東更生","台北頂好","257.072712517519"
"台東更生","永和竹林","253.394101539289"
"台東更生","台中精誠","162.941686911887"
"台東更生","大雅民生","170.936982132555"
"台東更生","高雄慶豐","88.3146060967387"
"台東更生","淡水中正東","268.401144828959"
"台東更生","台北汐止","261.213888679452"
"台東更生","台南東門","98.162389496725"
"台東更生","彰化員林","145.567015396918"
"台東更生","台東中華","0.858530727591451"
"台東更生","苗栗府前","203.125179135314"
"台東更生","台北威秀","256.71831641756"
"台東更生","台中向上","162.288662000158"
"台東更生","台中文心","164.521324428861"
"台東更生","高雄楠梓","84.3495776496827"
"台東更生","高雄富國","87.0250158442096"
"台東更生","新莊幸福二","256.539220802504"
"台東更生","龍潭中正","234.583034698044"
"台東更生","台北站前","257.082023622472"
"台東更生","台北敦南","255.290456828586"
"台東更生","台北民生東","258.916079605329"
"台東更生","台北大湖","262.628008181303"
"台東更生","板橋新埔","253.939157299292"
"台東更生","彰化孔門","159.096699776188"
"台東更生","沙鹿中山二","175.633875421966"
"台東更生","高雄九如","86.0725772406741"
"台東更生","高雄青年","87.6747165632424"
"台東更生","中壢中正二","244.332179212119"
"台東更生","龜山迴龍","252.632145588756"
"台東更生","台中沙鹿","169.20164475681"
"台東更生","雲林虎尾","128.416706316794"
"台東更生","鳳山五甲二","86.1613870254113"
"台東更生","高雄德賢","86.6791117750877"
"台東更生","高雄華榮","87.983194027442"
"忠孝正義","彰化中正","145.984126978536"
"忠孝正義","新竹竹科","60.3997763727668"
"忠孝正義","台北頂好","0.718312360134823"
"忠孝正義","永和竹林","3.83223596965833"
"忠孝正義","台中精誠","133.26347933514"
"忠孝正義","大雅民生","127.678931002601"
"忠孝正義","高雄慶豐","292.983695852937"
"忠孝正義","淡水中正東","15.0615757346865"
"忠孝正義","台北汐止","9.62684233649994"
"忠孝正義","台南東門","264.872161002968"
"忠孝正義","彰化員林","155.4985381319"
"忠孝正義","台東中華","257.680350798965"
"忠孝正義","苗栗府前","90.3182886881662"
"忠孝正義","台北威秀","2.82892041305572"
"忠孝正義","台中向上","133.694301979086"
"忠孝正義","台中文心","130.130155268393"
"忠孝正義","高雄楠梓","285.304983218104"
"忠孝正義","高雄富國","293.016949009925"
"忠孝正義","新莊幸福二","9.06258413404431"
"忠孝正義","龍潭中正","37.9188482787591"
"忠孝正義","台北站前","2.41135620149343"
"忠孝正義","台北敦南","2.01713029864625"
"忠孝正義","台北民生東","2.17510157227845"
"忠孝正義","台北大湖","7.68351751175919"
"忠孝正義","板橋新埔","7.58862325847951"
"忠孝正義","彰化孔門","146.992411937544"
"忠孝正義","沙鹿中山二","132.798151250765"
"忠孝正義","高雄九如","294.499282579155"
"忠孝正義","高雄青年","296.88448661189"
"忠孝正義","中壢中正二","33.9940324312106"
"忠孝正義","龜山迴龍","13.6396696730821"
"忠孝正義","台中沙鹿","139.25091571239"
"忠孝正義","雲林虎尾","185.652582718524"
"忠孝正義","鳳山五甲二","298.899718105922"
"忠孝正義","高雄德賢","286.493067421712"
"忠孝正義","高雄華榮","292.70568362658"
"土城學府","彰化中正","135.941962084295"
"土城學府","新竹竹科","50.2369346028862"
"土城學府","台北頂好","10.8825289042998"
"土城學府","永和竹林","6.88448297476293"
"土城學府","台中精誠","123.265605797339"
"土城學府","大雅民生","117.581796867531"
"土城學府","高雄慶豐","284.04756671094"
"土城學府","淡水中正東","18.6335724985228"
"土城學府","台北汐止","19.6289059866136"
"土城學府","台南東門","255.548834652836"
"土城學府","彰化員林","145.638724199722"
"土城學府","台東中華","250.652180537224"
"土城學府","苗栗府前","80.0580642454271"
"土城學府","台北威秀","12.3239291790532"
"土城學府","台中向上","123.705536177797"
"土城學府","台中文心","120.132982101147"
"土城學府","高雄楠梓","276.37239911002"
"土城學府","高雄富國","284.108030299595"
"土城學府","新莊幸福二","6.82680993528359"
"土城學府","龍潭中正","27.7016919005644"
"土城學府","台北站前","8.82997605270863"
"土城學府","台北敦南","10.1879400106158"
"土城學府","台北民生東","12.2943963370404"
"土城學府","台北大湖","17.9379515930882"
"土城學府","板橋新埔","4.10235929815485"
"土城學府","彰化孔門","136.948654217794"
"土城學府","沙鹿中山二","122.608354076751"
"土城學府","高雄九如","285.627419682571"
"土城學府","高雄青年","288.006741444625"
"土城學府","中壢中正二","24.5087851854138"
"土城學府","龜山迴龍","6.03653254473468"
"土城學府","台中沙鹿","129.10625853231"
"土城學府","雲林虎尾","175.89448133542"
"土城學府","鳳山五甲二","290.080465898062"
"土城學府","高雄德賢","277.524493586222"
"土城學府","高雄華榮","283.773389765685"
"桃園桃鶯","彰化中正","126.536126170683"
"桃園桃鶯","新竹竹科","37.9949426237163"
"桃園桃鶯","台北頂好","23.873196774168"
"桃園桃鶯","永和竹林","20.4609609008089"
"桃園桃鶯","台中精誠","114.133958709027"
"桃園桃鶯","大雅民生","107.947115613126"
"桃園桃鶯","高雄慶豐","277.969409023421"
"桃園桃鶯","淡水中正東","23.8733783262601"
"桃園桃鶯","台北汐止","32.7976637577602"
"桃園桃鶯","台南東門","248.470309673299"
"桃園桃鶯","彰化員林","137.025467658303"
"桃園桃鶯","台東中華","248.718128659772"
"桃園桃鶯","苗栗府前","68.9851235571709"
"桃園桃鶯","台北威秀","25.6717815436946"
"桃園桃鶯","台中向上","114.615891873664"
"桃園桃鶯","台中文心","111.019779484233"
"桃園桃鶯","高雄楠梓","270.314070370798"
"桃園桃鶯","高雄富國","278.098551441328"
"桃園桃鶯","新莊幸福二","15.1419915844228"
"桃園桃鶯","龍潭中正","16.4988193901517"
"桃園桃鶯","台北站前","21.0949773605408"
"桃園桃鶯","台北敦南","23.644375520971"
"桃園桃鶯","台北民生東","24.8336995427136"
"桃園桃鶯","台北大湖","30.4209991063191"
"桃園桃鶯","板橋新埔","15.585686227171"
"桃園桃鶯","彰化孔門","127.530970292037"
"桃園桃鶯","沙鹿中山二","112.316675983248"
"桃園桃鶯","高雄九如","279.708718946639"
"桃園桃鶯","高雄青年","282.070105842389"
"桃園桃鶯","中壢中正二","10.8231059604549"
"桃園桃鶯","龜山迴龍","9.6828500343857"
"桃園桃鶯","台中沙鹿","119.126936112688"
"桃園桃鶯","雲林虎尾","167.579172914148"
"桃園桃鶯","鳳山五甲二","284.28604806979"
"桃園桃鶯","高雄德賢","271.372800910794"
"桃園桃鶯","高雄華榮","277.705330181239"
"太平中興","彰化中正","17.3368681523766"
"太平中興","新竹竹科","79.1194438454097"
"太平中興","台北頂好","131.893901939939"
"太平中興","永和竹林","127.598781080193"
"太平中興","台中精誠","6.76594986785419"
"太平中興","大雅民生","12.913691756283"
"太平中興","高雄慶豐","168.144026805064"
"太平中興","淡水中正東","136.835916920454"
"太平中興","台北汐止","139.493504995282"
"太平中興","台南東門","136.570417924814"
"太平中興","彰化員林","24.1059234018627"
"太平中興","台東中華","159.295989685145"
"太平中興","苗栗府前","49.2634252596842"
"太平中興","台北威秀","132.676302238137"
"太平中興","台中向上","6.4361911573808"
"太平中興","台中文心","6.54177809537764"
"太平中興","高雄楠梓","160.627617454152"
"太平中興","高雄富國","168.464389073931"
"太平中興","新莊幸福二","126.571141261009"
"太平中興","龍潭中正","96.614558756857"
"太平中興","台北站前","130.332544554038"
"太平中興","台北敦南","130.621301739469"
"太平中興","台北民生東","133.555419949504"
"太平中興","台北大湖","138.924482526462"
"太平中興","板橋新埔","125.310406458436"
"太平中興","彰化孔門","18.2587263520626"
"太平中興","沙鹿中山二","20.325240100449"
"太平中興","高雄九如","170.318176607885"
"太平中興","高雄青年","172.601349876024"
"太平中興","中壢中正二","105.035639330004"
"太平中興","龜山迴龍","121.226570372167"
"太平中興","台中沙鹿","18.2624910658435"
"太平中興","雲林虎尾","54.5825897389626"
"太平中興","鳳山五甲二","175.211435568074"
"太平中興","高雄德賢","161.413570689812"
"太平中興","高雄華榮","167.910704378026"
"高雄自由三","彰化中正","158.762333723063"
"高雄自由三","新竹竹科","245.4855413978"
"高雄自由三","台北頂好","291.752334297453"
"高雄自由三","永和竹林","287.591203995529"
"高雄自由三","台中精誠","168.186140443907"
"高雄自由三","大雅民生","176.109348042918"
"高雄自由三","高雄慶豐","2.1431603708268"
"高雄自由三","淡水中正東","299.656667079093"
"高雄自由三","台北汐止","297.950711093974"
"高雄自由三","台南東門","35.9417869044177"
"高雄自由三","彰化員林","145.037637430273"
"高雄自由三","台東中華","86.4265717465569"
"高雄自由三","苗栗府前","216.089932983292"
"高雄自由三","台北威秀","292.017816540738"
"高雄自由三","台中向上","167.561500842863"
"高雄自由三","台中文心","170.905436541459"
"高雄自由三","高雄楠梓","6.22796311763046"
"高雄自由三","高雄富國","1.62255287974285"
"高雄自由三","新莊幸福二","288.426602677616"
"高雄自由三","龍潭中正","260.746291217328"
"高雄自由三","台北站前","290.871845061961"
"高雄自由三","台北敦南","290.188619935381"
"高雄自由三","台北民生東","293.559720355278"
"高雄自由三","台北大湖","298.329698950136"
"高雄自由三","板橋新埔","286.531777034058"
"高雄自由三","彰化孔門","157.98426679754"
"高雄自由三","沙鹿中山二","176.487758644629"
"高雄自由三","高雄九如","3.80335688832891"
"高雄自由三","高雄青年","5.80665279346011"
"高雄自由三","中壢中正二","269.881947987337"
"高雄自由三","龜山迴龍","283.525568555305"
"高雄自由三","台中沙鹿","168.758993441307"
"高雄自由三","雲林虎尾","115.886393837869"
"高雄自由三","鳳山五甲二","9.12545067303322"
"高雄自由三","高雄德賢","5.92342556542865"
"高雄自由三","高雄華榮","1.79191256951542"
"台北日湖","彰化中正","153.046097799624"
"台北日湖","新竹竹科","67.3532334274818"
"台北日湖","台北頂好","6.53854271020714"
"台北日湖","永和竹林","10.8197016923974"
"台北日湖","台中精誠","140.310788123238"
"台北日湖","大雅民生","134.759088924991"
"台北日湖","高雄慶豐","299.497042028291"
"台北日湖","淡水中正東","15.7373889841942"
"台北日湖","台北汐止","4.23438516682014"
"台北日湖","台南東門","271.59544458747"
"台北日湖","彰化員林","162.489836109146"
"台北日湖","台東中華","263.100611094036"
"台北日湖","苗栗府前","97.4035634114489"
"台北日湖","台北威秀","5.87985734059424"
"台北日湖","台中向上","140.738286996886"
"台北日湖","台中文心","137.177468065177"
"台北日湖","高雄楠梓","291.817413553965"
"台北日湖","高雄富國","299.515391738902"
"台北日湖","新莊幸福二","14.9023489745553"
"台北日湖","龍潭中正","44.9351280882415"
"台北日湖","台北站前","8.76501484849255"
"台北日湖","台北敦南","7.80543234420738"
"台北日湖","台北民生東","5.0749027218402"
"台北日湖","台北大湖","0.626005816960196"
"台北日湖","板橋新埔","14.3300597102652"
"台北日湖","彰化孔門","154.054871255511"
"台北日湖","沙鹿中山二","139.898969824205"
"台北日湖","高雄九如","300.977173907932"
"台北日湖","高雄青年","303.365295955988"
"台北日湖","中壢中正二","40.5842151925633"
"台北日湖","龜山迴龍","20.1242782969451"
"台北日湖","台中沙鹿","146.343249781598"
"台北日湖","雲林虎尾","192.596624112437"
"台北日湖","鳳山五甲二","305.347983611369"
"台北日湖","高雄德賢","293.024963731679"
"台北日湖","高雄華榮","299.216968249131"
"景美萬隆","彰化中正","142.68460300873"
"景美萬隆","新竹竹科","58.374364813778"
"景美萬隆","台北頂好","4.66005898457523"
"景美萬隆","永和竹林","2.39240317185207"
"景美萬隆","台中精誠","129.908987671179"
"景美萬隆","大雅民生","124.474076737866"
"景美萬隆","高雄慶豐","288.880557133982"
"景美萬隆","淡水中正東","19.0437991851315"
"景美萬隆","台北汐止","11.7949519206415"
"景美萬隆","台南東門","260.947011765776"
"景美萬隆","彰化員林","151.979155156091"
"景美萬隆","台東中華","253.180727224407"
"景美萬隆","苗栗府前","87.6786937660497"
"景美萬隆","台北威秀","4.79907143218213"
"景美萬隆","台中向上","130.327938260284"
"景美萬隆","台中文心","126.776311277973"
"景美萬隆","高雄楠梓","281.201123015454"
"景美萬隆","高雄富國","288.903405104383"
"景美萬隆","新莊幸福二","10.4980104620742"
"景美萬隆","龍潭中正","35.7835298045235"
"景美萬隆","台北站前","5.58411030295287"
"景美萬隆","台北敦南","2.92333535378108"
"景美萬隆","台北民生東","6.50525856102473"
"景美萬隆","台北大湖","11.1238025418242"
"景美萬隆","板橋新埔","7.74710412848073"
"景美萬隆","彰化孔門","143.694799327646"
"景美萬隆","沙鹿中山二","129.787007658441"
"景美萬隆","高雄九如","290.371791943764"
"景美萬隆","高雄青年","292.758976612833"
"景美萬隆","中壢中正二","32.9690796707221"
"景美萬隆","龜山迴龍","13.5113171763123"
"景美萬隆","台中沙鹿","136.130064797557"
"景美萬隆","雲林虎尾","182.030936292863"
"景美萬隆","鳳山五甲二","294.752900937142"
"景美萬隆","高雄德賢","282.40316546914"
"景美萬隆","高雄華榮","288.601088467037"
"樹林中山","彰化中正","134.025252483687"
"樹林中山","新竹竹科","47.4889006614579"
"樹林中山","台北頂好","13.5995668542505"
"樹林中山","永和竹林","9.9127563744284"
"樹林中山","台中精誠","121.411270768444"
"樹林中山","大雅民生","115.593767489337"
"樹林中山","高雄慶豐","283.029433981792"
"樹林中山","淡水中正東","18.5983064416167"
"樹林中山","台北汐止","22.4917278537676"
"樹林中山","台南東門","254.271953986228"
"樹林中山","彰化員林","143.931724719451"
"樹林中山","台東中華","250.645892135647"
"樹林中山","苗栗府前","77.661101171601"
"樹林中山","台北威秀","15.2443274826645"
"樹林中山","台中向上","121.862295279143"
"樹林中山","台中文心","118.280994243824"
"樹林中山","高雄楠梓","275.35779000143"
"樹林中山","高雄富國","283.107181272951"
"樹林中山","新莊幸福二","6.94279905981498"
"樹林中山","龍潭中正","25.074741340159"
"樹林中山","台北站前","11.1290347183464"
"樹林中山","台北敦南","13.1584625915171"
"樹林中山","台北民生東","14.8030077115604"
"樹林中山","台北大湖","20.4830174291127"
"樹林中山","板橋新埔","5.63460155445604"
"樹林中山","彰化孔門","135.029452812801"
"樹林中山","沙鹿中山二","120.452560202578"
"樹林中山","高雄九如","284.649662150098"
"樹林中山","高雄青年","287.024915978131"
"樹林中山","中壢中正二","21.3201051242145"
"樹林中山","龜山迴龍","3.43303663642173"
"樹林中山","台中沙鹿","127.036272141509"
"樹林中山","雲林虎尾","174.278253092812"
"樹林中山","鳳山五甲二","289.13471601239"
"樹林中山","高雄德賢","276.48661916125"
"樹林中山","高雄華榮","282.757746650074"
"高雄覺民","彰化中正","162.087391908494"
"高雄覺民","新竹竹科","248.290438272629"
"高雄覺民","台北頂好","293.942952950997"
"高雄覺民","永和竹林","289.797949056594"
"高雄覺民","台中精誠","171.316000571796"
"高雄覺民","大雅民生","179.284103002965"
"高雄覺民","高雄慶豐","5.77033653232726"
"高雄覺民","淡水中正東","302.035362929303"
"高雄覺民","台北汐止","300.04711118274"
"高雄覺民","台南東門","40.4082294928097"
"高雄覺民","彰化員林","148.26761456826"
"高雄覺民","台東中華","83.9640221085984"
"高雄覺民","苗栗府前","219.09758695897"
"高雄覺民","台北威秀","294.177097919948"
"高雄覺民","台中向上","170.686650553776"
"高雄覺民","台中文心","174.001287522537"
"高雄覺民","高雄楠梓","9.9673320935256"
"高雄覺民","高雄富國","4.22793297686498"
"高雄覺民","新莊幸福二","290.751674393746"
"高雄覺民","龍潭中正","263.287242557217"
"高雄覺民","台北站前","293.106097528349"
"高雄覺民","台北敦南","292.364835362682"
"高雄覺民","台北民生東","295.755820044852"
"高雄覺民","台北大湖","300.480689136335"
"高雄覺民","板橋新埔","288.817581376104"
"高雄覺民","彰化孔門","161.32358327051"
"高雄覺民","沙鹿中山二","179.843750906543"
"高雄覺民","高雄九如","2.27848702986964"
"高雄覺民","高雄青年","4.07684524882778"
"高雄覺民","中壢中正二","272.474005769094"
"高雄覺民","龜山迴龍","285.88976134972"
"高雄覺民","台中沙鹿","172.129948104939"
"高雄覺民","雲林虎尾","119.379833596628"
"高雄覺民","鳳山五甲二","5.37498215526148"
"高雄覺民","高雄德賢","10.38658423825"
"高雄覺民","高雄華榮","5.58971336145655"
"台中東海","彰化中正","11.6702584016536"
"台中東海","新竹竹科","79.4379249167791"
"台中東海","台北頂好","135.870897296975"
"台中東海","永和竹林","131.59647115895"
"台中東海","台中精誠","7.32611605310507"
"台中東海","大雅民生","7.68762655268222"
"台中東海","高雄慶豐","171.379949060759"
"台中東海","淡水中正東","139.316644943859"
"台中東海","台北汐止","143.891309407933"
"台中東海","台南東門","138.314352463522"
"台中東海","彰化員林","25.3096183848994"
"台中東海","台東中華","169.075521288471"
"台中東海","苗栗府前","47.911719356182"
"台中東海","台北威秀","136.850513900809"
"台中東海","台中向上","7.72432373666428"
"台中東海","台中文心","8.68263645838943"
"台中東海","高雄楠梓","164.019028985688"
"台中東海","高雄富國","171.821321451463"
"台中東海","新莊幸福二","129.725275730039"
"台中東海","龍潭中正","98.9808799432972"
"台中東海","台北站前","134.044364796971"
"台中東海","台北敦南","134.740899999025"
"台中東海","台北民生東","137.442682016063"
"台中東海","台北大湖","142.967504429602"
"台中東海","板橋新埔","128.798125366996"
"台中東海","彰化孔門","12.5681353011051"
"台中東海","沙鹿中山二","7.43237663593347"
"台中東海","高雄九如","173.811702485472"
"台中東海","高雄青年","176.028107007219"
"台中東海","中壢中正二","106.64975510715"
"台中東海","龜山迴龍","124.24294196164"
"台中東海","台中沙鹿","4.826371046964"
"台中東海","雲林虎尾","54.9833907973771"
"台中東海","鳳山五甲二","178.85341278326"
"台中東海","高雄德賢","164.617476337971"
"台中東海","高雄華榮","171.168715600523"
"花蓮中正","彰化中正","107.482477085904"
"花蓮中正","新竹竹科","108.38353532386"
"花蓮中正","台北頂好","118.796362013946"
"花蓮中正","永和竹林","115.679585916938"
"花蓮中正","台中精誠","98.2770246235116"
"花蓮中正","大雅民生","100.779043161321"
"花蓮中正","高雄慶豐","197.691189073216"
"花蓮中正","淡水中正東","132.131960817872"
"花蓮中正","台北汐止","121.38867043338"
"花蓮中正","台南東門","178.715553450196"
"花蓮中正","彰化員林","104.943144067724"
"花蓮中正","台東中華","143.65603790131"
"花蓮中正","苗栗府前","102.818512658154"
"花蓮中正","台北威秀","118.019395680463"
"花蓮中正","台中向上","98.0615879456066"
"花蓮中正","台中文心","96.7145475456296"
"花蓮中正","高雄楠梓","190.319821833275"
"花蓮中正","高雄富國","197.273283716535"
"花蓮中正","新莊幸福二","120.497237570604"
"花蓮中正","龍潭中正","106.745351214735"
"花蓮中正","台北站前","119.467856492063"
"花蓮中正","台北敦南","116.948494448835"
"花蓮中正","台北民生東","120.57168932819"
"花蓮中正","台北大湖","123.392908365028"
"花蓮中正","板橋新埔","117.478122407669"
"花蓮中正","彰化孔門","108.167436172078"
"花蓮中正","沙鹿中山二","109.89986498992"
"花蓮中正","高雄九如","198.089768971154"
"花蓮中正","高雄青年","200.465568852238"
"花蓮中正","中壢中正二","115.869701920173"
"花蓮中正","龜山迴龍","117.75543961587"
"花蓮中正","台中沙鹿","109.857605767593"
"花蓮中正","雲林虎尾","122.500808849758"
"花蓮中正","鳳山五甲二","201.478778645439"
"花蓮中正","高雄德賢","192.060132413052"
"花蓮中正","高雄華榮","197.362119250258"
"台南中華東","彰化中正","127.124995732505"
"台南中華東","新竹竹科","216.046295539021"
"台南中華東","台北頂好","265.50885644311"
"台南中華東","永和竹林","261.272643681452"
"台南中華東","台中精誠","137.4758937029"
"台南中華東","大雅民生","145.112255383327"
"台南中華東","高雄慶豐","35.5336165392064"
"台南中華東","淡水中正東","272.319529589508"
"台南中華東","台北汐止","272.225448431124"
"台南中華東","台南東門","0.911172773962652"
"台南中華東","彰化員林","114.001409949303"
"台南中華東","台東中華","97.8366547447197"
"台南中華東","苗栗府前","185.726806952052"
"台南中華東","台北威秀","265.953547131833"
"台南中華東","台中向上","136.880623309208"
"台南中華東","台中文心","140.352796848156"
"台南中華東","高雄楠梓","29.768620735702"
"台南中華東","高雄富國","36.4905928286983"
"台南中華東","新莊幸福二","261.431751590829"
"台南中華東","龍潭中正","232.664175161033"
"台南中華東","台北站前","264.382211566846"
"台南中華東","台北敦南","264.034500842805"
"台南中華東","台北民生東","267.277354568916"
"台南中華東","台北大湖","272.28721536759"
"台南中華東","板橋新埔","259.766586041441"
"台南中華東","彰化孔門","126.281594708122"
"台南中華東","沙鹿中山二","144.592768717589"
"台南中華東","高雄九如","38.9554409510993"
"台南中華東","高雄青年","40.6654622833757"
"台南中華東","中壢中正二","241.482826238963"
"台南中華東","龜山迴龍","256.330324300655"
"台南中華東","台中沙鹿","136.834204611338"
"台南中華東","雲林虎尾","83.7995267942846"
"台南中華東","鳳山五甲二","44.2666058751952"
"台南中華東","高雄德賢","29.2680633557799"
"台南中華東","高雄華榮","35.4381062658087"
"高雄瑞隆","彰化中正","166.044252948789"
"高雄瑞隆","新竹竹科","252.33822988382"
"高雄瑞隆","台北頂好","297.999123002717"
"高雄瑞隆","永和竹林","293.855035650593"
"高雄瑞隆","台中精誠","175.317059479557"
"高雄瑞隆","大雅民生","183.276556026053"
"高雄瑞隆","高雄慶豐","7.61515943756115"
"高雄瑞隆","淡水中正東","306.098437664484"
"高雄瑞隆","台北汐止","304.096939819816"
"高雄瑞隆","台南東門","43.6630669520808"
"高雄瑞隆","彰化員林","152.246876248948"
"高雄瑞隆","台東中華","86.0445182575177"
"高雄瑞隆","苗栗府前","223.120679492391"
"高雄瑞隆","台北威秀","298.231378667806"
"高雄瑞隆","台中向上","174.688580391138"
"高雄瑞隆","台中文心","178.008724694077"
"高雄瑞隆","高雄楠梓","13.6445556610594"
"高雄瑞隆","高雄富國","6.43004387624524"
"高雄瑞隆","新莊幸福二","294.813586155215"
"高雄瑞隆","龍潭中正","267.349843639083"
"高雄瑞隆","台北站前","297.164556792989"
"高雄瑞隆","台北敦南","296.420174107249"
"高雄瑞隆","台北民生東","299.812287792534"
"高雄瑞隆","台北大湖","304.534389926152"
"高雄瑞隆","板橋新埔","292.878233119662"
"高雄瑞隆","彰化孔門","165.276659650139"
"高雄瑞隆","沙鹿中山二","183.793108262765"
"高雄瑞隆","高雄九如","3.93100654655591"
"高雄瑞隆","高雄青年","2.77635124307321"
"高雄瑞隆","中壢中正二","276.535179902584"
"高雄瑞隆","龜山迴龍","289.952608579439"
"高雄瑞隆","台中沙鹿","176.074890496957"
"高雄瑞隆","雲林虎尾","123.284423622466"
"高雄瑞隆","鳳山五甲二","1.40364383609741"
"高雄瑞隆","高雄德賢","13.6533028265916"
"高雄瑞隆","高雄華榮","7.61931186363621"
"中壢健行","彰化中正","118.009626898172"
"中壢健行","新竹竹科","28.3862674609557"
"中壢健行","台北頂好","33.7725413788217"
"中壢健行","永和竹林","30.2292151473602"
"中壢健行","台中精誠","105.794218421801"
"中壢健行","大雅民生","99.3500343308797"
"中壢健行","高雄慶豐","271.092761465821"
"中壢健行","淡水中正東","32.7713733451202"
"中壢健行","台北汐止","42.699978039568"
"中壢健行","台南東門","241.041556865037"
"中壢健行","彰化員林","128.908613451424"
"中壢健行","台東中華","244.486788569696"
"中壢健行","苗栗府前","59.7791421289234"
"中壢健行","台北威秀","35.5245459173603"
"中壢健行","台中向上","106.298068317851"
"中壢健行","台中文心","102.701280272248"
"中壢健行","高雄楠梓","263.456408747877"
"中壢健行","高雄富國","271.26233290853"
"中壢健行","新莊幸福二","25.0391292786611"
"中壢健行","龍潭中正","9.13710311961637"
"中壢健行","台北站前","31.0288026222107"
"中壢健行","台北敦南","33.4636321340227"
"中壢健行","台北民生東","34.7681098357496"
"中壢健行","台北大湖","40.3623178390049"
"中壢健行","板橋新埔","25.5018875880658"
"中壢健行","彰化孔門","118.995632576541"
"中壢健行","沙鹿中山二","103.361474954775"
"中壢健行","高雄九如","272.924744450279"
"中壢健行","高雄青年","275.273329089729"
"中壢健行","中壢中正二","1.36545377280928"
"中壢健行","龜山迴龍","19.621820395282"
"中壢健行","台中沙鹿","110.315432691765"
"中壢健行","雲林虎尾","159.562649475958"
"中壢健行","鳳山五甲二","277.571667933929"
"中壢健行","高雄德賢","264.459028854857"
"中壢健行","高雄華榮","270.834882597302"
"板橋莒光","彰化中正","139.883053057781"
"板橋莒光","新竹竹科","53.400629110211"
"板橋莒光","台北頂好","7.89740057659928"
"板橋莒光","永和竹林","5.06935708129686"
"板橋莒光","台中精誠","127.240844516561"
"板橋莒光","大雅民生","121.478880723199"
"板橋莒光","高雄慶豐","288.28852144538"
"板橋莒光","淡水中正東","14.67476038563"
"板橋莒光","台北汐止","16.8180963881531"
"板橋莒光","台南東門","259.74558439821"
"板橋莒光","彰化員林","149.687995844209"
"板橋莒光","台東中華","254.80462641817"
"板橋莒光","苗栗府前","83.6318731615097"
"板橋莒光","台北威秀","9.76996677040426"
"板橋莒光","台中向上","127.686739579608"
"板橋莒光","台中文心","124.109279858651"
"板橋莒光","高雄楠梓","280.61369971086"
"板橋莒光","高雄富國","288.350869756089"
"板橋莒光","新莊幸福二","3.48962871352301"
"板橋莒光","龍潭中正","31.034939842105"
"板橋莒光","台北站前","5.19302059432559"
"板橋莒光","台北敦南","7.86340560058851"
"板橋莒光","台北民生東","8.91369675359761"
"板橋莒光","台北大湖","14.5743052744951"
"板橋莒光","板橋新埔","0.402748274419642"
"板橋莒光","彰化孔門","140.888348518079"
"板橋莒光","沙鹿中山二","126.390189907884"
"板橋莒光","高雄九如","289.872586829802"
"板橋莒光","高雄青年","292.251529331881"
"板橋莒光","中壢中正二","26.802986325764"
"板橋莒光","龜山迴龍","6.49748401356007"
"板橋莒光","台中沙鹿","132.950141944068"
"板橋莒光","雲林虎尾","179.983565553624"
"板橋莒光","鳳山五甲二","294.328495753478"
"板橋莒光","高雄德賢","281.763095642302"
"板橋莒光","高雄華榮","288.014622088088"
"桃園中正二","彰化中正","127.63390640772"
"桃園中正二","新竹竹科","38.3159892991951"
"桃園中正二","台北頂好","24.8257260445838"
"桃園中正二","永和竹林","21.7577834713276"
"桃園中正二","台中精誠","115.322814612864"
"桃園中正二","大雅民生","109.002815863784"
"桃園中正二","高雄慶豐","279.765113544829"
"桃園中正二","淡水中正東","22.8950735397031"
"桃園中正二","台北汐止","33.6823034422955"
"桃園中正二","台南東門","250.069602169405"
"桃園中正二","彰化員林","138.325089399296"
"桃園中正二","台東中華","251.173342396699"
"桃園中正二","苗栗府前","69.6527813106221"
"桃園中正二","台北威秀","26.7449297270303"
"桃園中正二","台中向上","115.815517264385"
"桃園中正二","台中文心","112.217949020796"
"桃園中正二","高雄楠梓","272.115403315079"
"桃園中正二","高雄富國","279.907487343471"
"桃園中正二","新莊幸福二","15.5333822588253"
"桃園中正二","龍潭中正","17.7418928685797"
"桃園中正二","台北站前","21.8957061473139"
"桃園中正二","台北敦南","24.810035999855"
"桃園中正二","台北民生東","25.5971786368186"
"桃園中正二","台北大湖","31.0464674139983"
"桃園中正二","板橋新埔","16.5728028148665"
"桃園中正二","彰化孔門","128.624324079919"
"桃園中正二","沙鹿中山二","113.164902562241"
"桃園中正二","高雄九如","281.534679118156"
"桃園中正二","高雄青年","283.892119489377"
"桃園中正二","中壢中正二","10.4742812081502"
"桃園中正二","龜山迴龍","10.4801701347477"
"桃園中正二","台中沙鹿","120.06459874891"
"桃園中正二","雲林虎尾","168.92958779557"
"桃園中正二","鳳山五甲二","286.134552753467"
"桃園中正二","高雄德賢","273.15574591368"
"桃園中正二","高雄華榮","279.50305045352"
"台中漢口","彰化中正","15.3170785004791"
"台中漢口","新竹竹科","76.9379872790857"
"台中漢口","台北頂好","131.45180745937"
"台中漢口","永和竹林","127.160690553469"
"台中漢口","台中精誠","2.34577816770359"
"台中漢口","大雅民生","7.05095977642859"
"台中漢口","高雄慶豐","171.31526216407"
"台中漢口","淡水中正東","135.718413911652"
"台中漢口","台北汐止","139.257458820547"
"台中漢口","台南東門","139.119347307215"
"台中漢口","彰化員林","25.6220015617077"
"台中漢口","台東中華","164.748560553326"
"台中漢口","苗栗府前","46.2138463569279"
"台中漢口","台北威秀","132.327259735488"
"台中漢口","台中向上","2.77098130528012"
"台中漢口","台中文心","0.842534826129789"
"台中漢口","高雄楠梓","163.853125173669"
"台中漢口","高雄富國","171.682842528067"
"台中漢口","新莊幸福二","125.743198252862"
"台中漢口","龍潭中正","95.3749546035777"
"台中漢口","台北站前","129.765444561092"
"台中漢口","台北敦南","130.244109246559"
"台中漢口","台北民生東","133.073700148919"
"台中漢口","台北大湖","138.521613697013"
"台中漢口","板橋新埔","124.633152224294"
"台中漢口","彰化孔門","16.3273339792616"
"台中漢口","沙鹿中山二","14.1634869761827"
"台中漢口","高雄九如","173.590878987554"
"台中漢口","高雄青年","175.849934114556"
"台中漢口","中壢中正二","103.483754202013"
"台中漢口","龜山迴龍","120.328084189218"
"台中漢口","台中沙鹿","13.0870313390623"
"台中漢口","雲林虎尾","56.3168797391877"
"台中漢口","鳳山五甲二","178.544883405134"
"台中漢口","高雄德賢","164.566906791531"
"台中漢口","高雄華榮","171.090343127862"
"豐原中正","彰化中正","24.5326577431373"
"豐原中正","新竹竹科","66.8729943833611"
"豐原中正","台北頂好","122.003357812562"
"豐原中正","永和竹林","117.719334771126"
"豐原中正","台中精誠","12.2430715109915"
"豐原中正","大雅民生","6.71195271154119"
"豐原中正","高雄慶豐","181.290182002748"
"豐原中正","淡水中正東","125.923089756151"
"豐原中正","台北汐止","129.928900865571"
"豐原中正","台南東門","149.202314405585"
"豐原中正","彰化員林","35.714131979113"
"豐原中正","台東中華","172.651977271367"
"豐原中正","苗栗府前","36.1445858117175"
"豐原中正","台北威秀","122.934581109537"
"豐原中正","台中向上","12.7939808270034"
"豐原中正","台中文心","9.2528994235158"
"豐原中正","高雄楠梓","173.811489048535"
"豐原中正","高雄富國","181.644150212739"
"豐原中正","新莊幸福二","116.088192609438"
"豐原中正","龍潭中正","85.5624665758768"
"豐原中正","台北站前","120.245934402998"
"豐原中正","台北敦南","120.836337208218"
"豐原中正","台北民生東","123.600118672729"
"豐原中正","台北大湖","129.089610290506"
"豐原中正","板橋新埔","115.057769733769"
"豐原中正","彰化孔門","25.5369896242301"
"豐原中正","沙鹿中山二","15.0995297027458"
"豐原中正","高雄九如","183.535702374653"
"豐原中正","高雄青年","185.802528598299"
"豐原中正","中壢中正二","93.5495246878066"
"豐原中正","龜山迴龍","110.643191398623"
"豐原中正","台中沙鹿","18.7991472597155"
"豐原中正","雲林虎尾","66.3978035410082"
"豐原中正","鳳山五甲二","188.470240298115"
"豐原中正","高雄德賢","174.546100276815"
"豐原中正","高雄華榮","181.062869858731"
"中壢新生","彰化中正","118.747067568999"
"中壢新生","新竹竹科","28.842969344625"
"中壢新生","台北頂好","33.8525064251033"
"中壢新生","永和竹林","30.4104153734513"
"中壢新生","台中精誠","106.573728656935"
"中壢新生","大雅民生","100.076949534919"
"中壢新生","高雄慶豐","272.078185800393"
"中壢新生","淡水中正東","32.2562691327179"
"中壢新生","台北汐止","42.7752327666119"
"中壢新生","台南東門","241.956306628848"
"中壢新生","彰化員林","129.725035537579"
"中壢新生","台東中華","245.695043434472"
"中壢新生","苗栗府前","60.3607202964812"
"中壢新生","台北威秀","35.6501513144096"
"中壢新生","台中向上","107.081792984213"
"中壢新生","台中文心","103.485944457255"
"中壢新生","高雄楠梓","264.444469774289"
"中壢新生","高雄富國","272.252579060519"
"中壢新生","新莊幸福二","24.9313312736948"
"中壢新生","龍潭中正","10.3098483439024"
"中壢新生","台北站前","31.0524428282677"
"中壢新生","台北敦南","33.6142294985703"
"中壢新生","台北民生東","34.7881854428704"
"中壢新生","台北大湖","40.3445699945882"
"中壢新生","板橋新埔","25.5618252744784"
"中壢新生","彰化孔門","119.730924103806"
"中壢新生","沙鹿中山二","103.99844734098"
"中壢新生","高雄九如","273.921070875243"
"中壢新生","高雄青年","276.268050406866"
"中壢新生","中壢中正二","0.899322328920368"
"中壢新生","龜山迴龍","19.5983644084018"
"中壢新生","台中沙鹿","110.988235103517"
"中壢新生","雲林虎尾","160.391966057293"
"中壢新生","鳳山五甲二","278.575843291293"
"中壢新生","高雄德賢","265.440280647683"
"中壢新生","高雄華榮","271.821063237048"
"台中美村","彰化中正","13.6162692668142"
"台中美村","新竹竹科","78.6828242804366"
"台中美村","台北頂好","133.222493716159"
"台中美村","永和竹林","128.931169314486"
"台中美村","台中精誠","0.693407345198509"
"台中美村","大雅民生","8.16431968126989"
"台中美村","高雄慶豐","169.696181367288"
"台中美村","淡水中正東","137.494368302611"
"台中美村","台北汐止","141.022609841712"
"台中美村","台南東門","137.430495961891"
"台中美村","彰化員林","23.8981917511722"
"台中美村","台東中華","163.726927066121"
"台中美村","苗栗府前","47.9000769304423"
"台中美村","台北威秀","134.095594169235"
"台中美村","台中向上","0.994408869038473"
"台中美村","台中文心","2.60434805095372"
"台中美村","高雄楠梓","162.24218128954"
"台中美村","高雄富國","170.070269895614"
"台中美村","新莊幸福二","127.519477305832"
"台中美村","龍潭中正","97.1502804649315"
"台中美村","台北站前","131.538671335905"
"台中美村","台北敦南","132.013143997902"
"台中美村","台北民生東","134.845316588887"
"台中美村","台北大湖","140.291526564184"
"台中美村","板橋新埔","126.407986287539"
"台中美村","彰化孔門","14.6233327528733"
"台中美村","沙鹿中山二","14.2747961542912"
"台中美村","高雄九如","171.985866580969"
"台中美村","高雄青年","174.241298190509"
"台中美村","中壢中正二","105.252753251691"
"台中美村","龜山迴龍","122.104649863033"
"台中美村","台中沙鹿","12.2170271680387"
"台中美村","雲林虎尾","54.5791344949312"
"台中美村","鳳山五甲二","176.948379131879"
"台中美村","高雄德賢","162.945924627463"
"台中美村","高雄華榮","169.472431245372"
"斗六站前","彰化中正","41.6438087274943"
"斗六站前","新竹竹科","128.908816440033"
"斗六站前","台北頂好","179.863379722172"
"斗六站前","永和竹林","175.58642861302"
"斗六站前","台中精誠","50.6499244079038"
"斗六站前","大雅民生","58.5527536966636"
"斗六站前","高雄慶豐","118.763884820092"
"斗六站前","淡水中正東","185.829757921806"
"斗六站前","台北汐止","187.013675129347"
"斗六站前","台南東門","86.7806908473621"
"斗六站前","彰化員林","27.5576183013703"
"斗六站前","台東中華","123.50701847515"
"斗六站前","苗栗府前","98.7519160931556"
"斗六站前","台北威秀","180.465262818731"
"斗六站前","台中向上","50.0313574959911"
"斗六站前","台中文心","53.4205334332733"
"斗六站前","高雄楠梓","111.333459371448"
"斗六站前","高雄富國","119.155264109442"
"斗六站前","新莊幸福二","175.207234474453"
"斗六站前","龍潭中正","145.875164155901"
"斗六站前","台北站前","178.533792974349"
"斗六站前","台北敦南","178.47692751422"
"斗六站前","台北民生東","181.588076655377"
"斗六站前","台北大湖","186.78036351414"
"斗六站前","板橋新埔","173.720857703325"
"斗六站前","彰化孔門","40.9578288645208"
"斗六站前","沙鹿中山二","59.4459991711827"
"斗六站前","高雄九如","121.097127721258"
"斗六站前","高雄青年","123.33868174958"
"斗六站前","中壢中正二","154.538018500574"
"斗六站前","龜山迴龍","169.986303900941"
"斗六站前","台中沙鹿","51.8534357422931"
"斗六站前","雲林虎尾","10.6900933040251"
"斗六站前","鳳山五甲二","126.095877252172"
"斗六站前","高雄德賢","112.009982331245"
"斗六站前","高雄華榮","118.542867404503"
"台北民生東二","彰化中正","148.785817342498"
"台北民生東二","新竹竹科","63.1083933757791"
"台北民生東二","台北頂好","2.29733161627463"
"台北民生東二","永和竹林","6.58719517322406"
"台北民生東二","台中精誠","136.06183301875"
"台北民生東二","大雅民生","130.483882429297"
"台北民生東二","高雄慶豐","295.609813076682"
"台北民生東二","淡水中正東","14.7842853224757"
"台北民生東二","台北汐止","7.23308794481043"
"台北民生東二","台南東門","267.570581097624"
"台北民生東二","彰化員林","158.282043754655"
"台北民生東二","台東中華","259.905841094233"
"台北民生東二","苗栗府前","93.1027528831454"
"台北民生東二","台北威秀","2.67144861380963"
"台北民生東二","台中向上","136.49185618659"
"台北民生東二","台中文心","132.928497687962"
"台北民生東二","高雄楠梓","287.930696336239"
"台北民生東二","高雄富國","295.637825798009"
"台北民生東二","新莊幸福二","11.1070316734814"
"台北民生東二","龍潭中正","40.6599373258076"
"台北民生東二","台北站前","4.60696841838297"
"台北民生東二","台北敦南","3.88050716097408"
"台北民生東二","台北民生東","0.893456956043713"
"台北民生東二","台北大湖","4.89334113291647"
"台北民生東二","板橋新埔","10.1428285117085"
"台北民生東二","彰化孔門","149.794206386478"
"台北民生東二","沙鹿中山二","135.603030503548"
"台北民生東二","高雄九如","297.11293267802"
"台北民生東二","高雄青年","299.499191909869"
"台北民生東二","中壢中正二","36.5146874654883"
"台北民生東二","龜山迴龍","16.0740615788071"
"台北民生東二","台中沙鹿","142.056985755469"
"台北民生東二","雲林虎尾","188.422252407984"
"台北民生東二","鳳山五甲二","301.502946291786"
"台北民生東二","高雄德賢","289.125626419617"
"台北民生東二","高雄華榮","295.331073595066"
"士林中山北","彰化中正","150.315643592545"
"士林中山北","新竹竹科","62.8533496807605"
"士林中山北","台北頂好","7.47404990842373"
"士林中山北","永和竹林","10.4505193933912"
"士林中山北","台中精誠","137.713356096193"
"士林中山北","大雅民生","131.863594344429"
"士林中山北","高雄慶豐","298.841946519447"
"士林中山北","淡水中正東","8.59655236144183"
"士林中山北","台北汐止","11.5907071784355"
"士林中山北","台南東門","270.354055741632"
"士林中山北","彰化員林","160.230646492971"
"士林中山北","台東中華","264.570140017676"
"士林中山北","苗栗府前","93.6058653307124"
"士林中山北","台北威秀","8.9100691584551"
"士林中山北","台中向上","138.165496066347"
"士林中山北","台中文心","134.583434564521"
"士林中山北","高雄楠梓","291.16611321438"
"士林中山北","高雄富國","298.898296306138"
"士林中山北","新莊幸福二","9.82753930683677"
"士林中山北","龍潭中正","40.8982472053057"
"士林中山北","台北站前","6.71635512869562"
"士林中山北","台北敦南","9.30103190742694"
"士林中山北","台北民生東","5.95830729012073"
"士林中山北","台北大湖","7.8693615820344"
"士林中山北","板橋新埔","10.8527091702064"
"士林中山北","彰化孔門","151.319164550948"
"士林中山北","沙鹿中山二","136.624962716919"
"士林中山北","高雄九如","300.411518229014"
"士林中山北","高雄青年","302.791922515671"
"士林中山北","中壢中正二","35.3575328549857"
"士林中山北","龜山迴龍","15.3910442104972"
"士林中山北","台中沙鹿","143.265096230257"
"士林中山北","雲林虎尾","190.557100121432"
"士林中山北","鳳山五甲二","304.854738585507"
"士林中山北","高雄德賢","292.323165843888"
"士林中山北","高雄華榮","298.567207317986"
"台北林森北二","彰化中正","146.098001862226"
"台北林森北二","新竹竹科","59.8665756752373"
"台北林森北二","台北頂好","2.57927430525309"
"台北林森北二","永和竹林","4.76705671756655"
"台北林森北二","台中精誠","133.416782446686"
"台北林森北二","大雅民生","127.737667693003"
"台北林森北二","高雄慶豐","293.702958395865"
"台北林森北二","淡水中正東","13.0504847548497"
"台北林森北二","台北汐止","10.7266809643903"
"台北林森北二","台南東門","265.431065642747"
"台北林森北二","彰化員林","155.758211085223"
"台北林森北二","台東中華","258.931573067907"
"台北林森北二","苗栗府前","90.0658390759901"
"台北林森北二","台北威秀","4.69223247569248"
"台北林森北二","台中向上","133.855318685921"
"台北林森北二","台中文心","130.283989155938"
"台北林森北二","高雄楠梓","286.025294006698"
"台北林森北二","高雄富國","293.746386229286"
"台北林森北二","新莊幸福二","7.61607994943884"
"台北林森北二","龍潭中正","37.4999405582677"
"台北林森北二","台北站前","1.32709401981288"
"台北林森北二","台北敦南","4.0339796781203"
"台北林森北二","台北民生東","2.60112739787862"
"台北林森北二","台北大湖","8.13724038896686"
"台北林森北二","板橋新埔","6.83206941516188"
"台北林森北二","彰化孔門","147.104795221587"
"台北林森北二","沙鹿中山二","132.736559205028"
"台北林森北二","高雄九如","295.24244568332"
"台北林森北二","高雄青年","297.625579842679"
"台北林森北二","中壢中正二","33.0920693644972"
"台北林森北二","龜山迴龍","12.6335121675377"
"台北林森北二","台中沙鹿","139.253809433272"
"台北林森北二","雲林虎尾","185.980145422955"
"台北林森北二","鳳山五甲二","299.662106649398"
"台北林森北二","高雄德賢","287.199811156543"
"台北林森北二","高雄華榮","293.426377142088"
"三重重新","彰化中正","145.073040030476"
"三重重新","新竹竹科","58.1417589952332"
"三重重新","台北頂好","5.27337821548049"
"三重重新","永和竹林","5.9900165734789"
"三重重新","台中精誠","132.44461106839"
"三重重新","大雅民生","126.650621020509"
"三重重新","高雄慶豐","293.455292624273"
"三重重新","淡水中正東","11.0751387097512"
"三重重新","台北汐止","13.2226331193105"
"三重重新","台南東門","264.963822140015"
"三重重新","彰化員林","154.913746204071"
"三重重新","台東中華","259.490421603776"
"三重重新","苗栗府前","88.627813670466"
"三重重新","台北威秀","7.41185313095528"
"三重重新","台中向上","132.892633473074"
"三重重新","台中文心","129.313546914267"
"三重重新","高雄楠梓","285.779685256485"
"三重重新","高雄富國","293.513075875792"
"三重重新","新莊幸福二","5.25444011630254"
"三重重新","龍潭中正","35.9495347166422"
"三重重新","台北站前","2.50168330486583"
"三重重新","台北敦南","6.47790796498337"
"三重重新","台北民生東","5.17470122016453"
"三重重新","台北大湖","10.2801707721471"
"三重重新","板橋新埔","5.49845553293835"
"三重重新","彰化孔門","146.077716343201"
"三重重新","沙鹿中山二","131.502633042505"
"三重重新","高雄九如","295.028451141563"
"三重重新","高雄青年","297.40848005629"
"三重重新","中壢中正二","31.0325570685851"
"三重重新","龜山迴龍","10.6369458573333"
"三重重新","台中沙鹿","138.095217272043"
"三重重新","雲林虎尾","185.216455892222"
"三重重新","鳳山五甲二","299.475111123392"
"三重重新","高雄德賢","286.935014739915"
"三重重新","高雄華榮","293.18074902802"
"高雄光華","彰化中正","164.283889636948"
"高雄光華","新竹竹科","250.781338815698"
"高雄光華","台北頂好","296.692511553392"
"高雄光華","永和竹林","292.541641298313"
"高雄光華","台中精誠","173.631305162976"
"高雄光華","大雅民生","181.573690857249"
"高雄光華","高雄慶豐","5.3965852072921"
"高雄光華","淡水中正東","304.714757933719"
"高雄光華","台北汐止","302.829511851185"
"高雄光華","台南東門","41.5239744898418"
"高雄光華","彰化員林","150.522366273572"
"高雄光華","台東中華","86.7697156992395"
"高雄光華","苗栗府前","221.483267825724"
"高雄光華","台北威秀","296.937720793878"
"高雄光華","台中向上","173.004625731377"
"高雄光華","台中文心","176.336136699959"
"高雄光華","高雄楠梓","11.7530407661133"
"高雄光華","高雄富國","4.2631525027585"
"高雄光華","新莊幸福二","293.451569180417"
"高雄光華","龍潭中正","265.899161110574"
"高雄光華","台北站前","295.839927430481"
"高雄光華","台北敦南","295.119460718267"
"高雄光華","台北民生東","298.503469626313"
"高雄光華","台北大湖","303.244358156006"
"高雄光華","板橋新埔","291.532272809046"
"高雄光華","彰化孔門","163.510903312281"
"高雄光華","沙鹿中山二","182.02117570425"
"高雄光華","高雄九如","1.92663979848866"
"高雄光華","高雄青年","1.02540290035013"
"高雄光華","中壢中正二","275.064086725197"
"高雄光華","龜山迴龍","288.574437358632"
"高雄光華","台中沙鹿","174.297266599239"
"高雄光華","雲林虎尾","121.461038107225"
"高雄光華","鳳山五甲二","3.53516039249616"
"高雄光華","高雄德賢","11.5801209730903"
"高雄光華","高雄華榮","5.40932004980209"
"內湖光電","彰化中正","150.98177551705"
"內湖光電","新竹竹科","64.9274924252858"
"內湖光電","台北頂好","4.63975158269717"
"內湖光電","永和竹林","8.8840583136109"
"內湖光電","台中精誠","138.274129844312"
"內湖光電","大雅民生","132.654518481367"
"內湖光電","高雄慶豐","297.97913190841"
"內湖光電","淡水中正東","13.8937127218027"
"內湖光電","台北汐止","6.50319404203147"
"內湖光電","台南東門","269.913490382972"
"內湖光電","彰化員林","160.536644718379"
"內湖光電","台東中華","262.240389618848"
"內湖光電","苗栗府前","95.1066889440535"
"內湖光電","台北威秀","4.80403777213218"
"內湖光電","台中向上","138.707363090265"
"內湖光電","台中文心","135.140890999556"
"內湖光電","高雄楠梓","290.300099304358"
"內湖光電","高雄富國","298.008299884248"
"內湖光電","新莊幸福二","12.335399155156"
"內湖光電","龍潭中正","42.5616127191873"
"內湖光電","台北站前","6.35988815333332"
"內湖光電","台北敦南","6.25723748434631"
"內湖光電","台北民生東","2.88322832738157"
"內湖光電","台北大湖","3.19831663628439"
"內湖光電","板橋新埔","11.8946774681799"
"內湖光電","彰化孔門","151.989545608897"
"內湖光電","沙鹿中山二","137.71492650902"
"內湖光電","高雄九如","299.484872394377"
"內湖光電","高雄青年","301.87092908165"
"內湖光電","中壢中正二","38.0537336804531"
"內湖光電","龜山迴龍","17.6009854745535"
"內湖光電","台中沙鹿","144.201503195192"
"內湖光電","雲林虎尾","190.701270022808"
"內湖光電","鳳山五甲二","303.876753121189"
"內湖光電","高雄德賢","291.493405330814"
"內湖光電","高雄華榮","297.700557308806"
"湯城","彰化中正","141.492376755829"
"湯城","新竹竹科","54.4020574289143"
"湯城","台北頂好","7.89582007080445"
"湯城","永和竹林","6.31589155142398"
"湯城","台中精誠","128.888928766285"
"湯城","大雅民生","123.045832058684"
"湯城","高雄慶豐","290.331541198142"
"湯城","淡水中正東","12.3068791120978"
"湯城","台北汐止","16.555693495632"
"湯城","台南東門","261.684403536929"
"湯城","彰化員林","151.418052878184"
"湯城","台東中華","257.111867410796"
"湯城","苗栗府前","84.9178808105224"
"湯城","台北威秀","9.98326087642559"
"湯城","台中向上","129.341296157754"
"湯城","台中文心","125.7590644708"
"湯城","高雄楠梓","282.657952043447"
"湯城","高雄富國","290.400271980775"
"湯城","新莊幸福二","1.90171028296816"
"湯城","龍潭中正","32.227614577563"
"湯城","台北站前","4.81831642037122"
"湯城","台北敦南","8.40120917628552"
"湯城","台北民生東","8.43566041839505"
"湯城","台北大湖","13.8763274103832"
"湯城","板橋新埔","2.39762510578498"
"湯城","彰化孔門","142.496044468654"
"湯城","沙鹿中山二","127.843854755119"
"湯城","高雄九如","291.930422576927"
"湯城","高雄青年","294.307914428958"
"湯城","中壢中正二","27.347460929919"
"湯城","龜山迴龍","6.91159374475867"
"湯城","台中沙鹿","134.461847924989"
"湯城","雲林虎尾","181.761042840579"
"湯城","鳳山五甲二","296.397844577256"
"湯城","高雄德賢","283.798681108872"
"湯城","高雄華榮","290.058562830824"
"台北杭州南","彰化中正","143.675901260395"
"台北杭州南","新竹竹科","58.1199316457411"
"台北杭州南","台北頂好","2.94280717337505"
"台北杭州南","永和竹林","1.78486201839175"
"台北杭州南","台中精誠","130.961284779205"
"台北杭州南","大雅民生","125.363247827012"
"台北杭州南","高雄慶豐","290.872804887183"
"台北杭州南","淡水中正東","15.5150665615373"
"台北杭州南","台北汐止","11.808478959617"
"台北杭州南","台南東門","262.687579953924"
"台北杭州南","彰化員林","153.217855158822"
"台北杭州南","台東中華","255.950120281799"
"台北杭州南","苗栗府前","87.9943115980886"
"台北杭州南","台北威秀","4.62993225727781"
"台北杭州南","台中向上","131.393430656807"
"台北杭州南","台中文心","127.827996856697"
"台北杭州南","高雄楠梓","283.19458547824"
"台北杭州南","高雄富國","290.911290528767"
"台北杭州南","新莊幸福二","7.59427063193498"
"台北杭州南","龍潭中正","35.6198712816589"
"台北杭州南","台北站前","2.08135626396527"
"台北杭州南","台北敦南","2.74829742280616"
"台北杭州南","台北民生東","4.44222767564846"
"台北杭州南","台北大湖","10.0108999736618"
"台北杭州南","板橋新埔","5.55375712408813"
"台北杭州南","彰化孔門","144.683980230822"
"台北杭州南","沙鹿中山二","130.472688918359"
"台北杭州南","高雄九如","292.400801439497"
"台北杭州南","高雄青年","294.784928650289"
"台北杭州南","中壢中正二","31.86438635537"
"台北杭州南","龜山迴龍","11.6482561275275"
"台北杭州南","台中沙鹿","136.929781711937"
"台北杭州南","雲林虎尾","183.389219837755"
"台北杭州南","鳳山五甲二","296.811517718086"
"台北杭州南","高雄德賢","284.375798019805"
"台北杭州南","高雄華榮","290.595522818558"
"台北南京東","彰化中正","146.518807531651"
"台北南京東","新竹竹科","60.5569729050905"
"台北南京東","台北頂好","1.60105385152227"
"台北南京東","永和竹林","4.67447641919252"
"台北南京東","台中精誠","133.819028900658"
"台北南京東","大雅民生","128.18314451595"
"台北南京東","高雄慶豐","293.825838304451"
"台北南京東","淡水中正東","13.8534134247127"
"台北南京東","台北汐止","9.8022096486127"
"台北南京東","台南東門","265.637491175842"
"台北南京東","彰化員林","156.111007447533"
"台北南京東","台東中華","258.748964363214"
"台北南京東","苗栗府前","90.6455248906249"
"台北南京東","台北威秀","3.66956752569447"
"台北南京東","台中向上","134.253993868936"
"台北南京東","台中文心","130.685894598634"
"台北南京東","高雄楠梓","286.147573038529"
"台北南京東","高雄富國","293.863839709734"
"台北南京東","新莊幸福二","8.57768684216622"
"台北南京東","龍潭中正","38.1403759448665"
"台北南京東","台北站前","2.00378732424027"
"台北南京東","台北敦南","3.24636645726678"
"台北南京東","台北民生東","1.74004899296912"
"台北南京東","台北大湖","7.40948443405513"
"台北南京東","板橋新埔","7.55334935825793"
"台北南京東","彰化孔門","147.526311306184"
"台北南京東","沙鹿中山二","133.235995768626"
"台北南京東","高雄九如","295.352564028657"
"台北南京東","高雄青年","297.736819670677"
"台北南京東","中壢中正二","33.9118261621802"
"台北南京東","龜山迴龍","13.4715183777291"
"台北南京東","台中沙鹿","139.724794234153"
"台北南京東","雲林虎尾","186.300892137618"
"台北南京東","鳳山五甲二","299.761918910307"
"台北南京東","高雄德賢","287.329312728408"
"台北南京東","高雄華榮","293.548493201021"
"台北長安東","彰化中正","146.16609935262"
"台北長安東","新竹竹科","60.2678904612769"
"台北長安東","台北頂好","1.49122698299799"
"台北長安東","永和竹林","4.29167784094918"
"台北長安東","台中精誠","133.463535960137"
"台北長安東","大雅民生","127.834539414034"
"台北長安東","高雄慶豐","293.44487277516"
"台北長安東","淡水中正東","14.0846474242221"
"台北長安東","台北汐止","9.9962715994539"
"台北長安東","台南東門","265.260865009741"
"台北長安東","彰化員林","155.748635704505"
"台北長安東","台東中華","258.373648641453"
"台北長安東","苗栗府前","90.324658946577"
"台北長安東","台北威秀","3.6279592290997"
"台北長安東","台中向上","133.897971084527"
"台北長安東","台中文心","130.330364977919"
"台北長安東","高雄楠梓","285.766587524411"
"台北長安東","高雄富國","293.482682070879"
"台北長安東","新莊幸福二","8.44264477602545"
"台北長安東","龍潭中正","37.837327342069"
"台北長安東","台北站前","1.79338496589633"
"台北長安東","台北敦南","2.98870227771541"
"台北長安東","台北民生東","2.02343878954406"
"台北長安東","台北大湖","7.7044944981897"
"台北長安東","板橋新埔","7.29114659748506"
"台北長安東","彰化孔門","147.173711007479"
"台北長安東","沙鹿中山二","132.89720286204"
"台北長安東","高雄九如","294.971163436511"
"台北長安東","高雄青年","297.355454431357"
"台北長安東","中壢中正二","33.6749670631674"
"台北長安東","龜山迴龍","13.2500257381845"
"台北長安東","台中沙鹿","139.380599168354"
"台北長安東","雲林虎尾","185.934615966116"
"台北長安東","鳳山五甲二","299.380209623453"
"台北長安東","高雄德賢","286.948597788183"
"台北長安東","高雄華榮","293.16750004614"
"永和頂溪","彰化中正","142.075847227359"
"永和頂溪","新竹竹科","56.8384417873702"
"永和頂溪","台北頂好","4.43828884945283"
"永和頂溪","永和竹林","0.403409997258237"
"永和頂溪","台中精誠","129.348922173642"
"永和頂溪","大雅民生","123.782829463604"
"永和頂溪","高雄慶豐","289.146414564918"
"永和頂溪","淡水中正東","16.7921348823596"
"永和頂溪","台北汐止","13.0275079324665"
"永和頂溪","台南東門","260.979353152924"
"永和頂溪","彰化員林","151.573532325327"
"永和頂溪","台東中華","254.257361058281"
"永和頂溪","苗栗府前","86.5478292841156"
"永和頂溪","台北威秀","5.72121152248757"
"永和頂溪","台中向上","129.778622343149"
"永和頂溪","台中文心","126.215584174862"
"永和頂溪","高雄楠梓","281.468115150663"
"永和頂溪","高雄富國","289.184138211344"
"永和頂溪","新莊幸福二","7.7090858701557"
"永和頂溪","龍潭中正","34.2936396974479"
"永和頂溪","台北站前","3.62728180131674"
"永和頂溪","台北敦南","3.59082281848902"
"永和頂溪","台北民生東","6.09315169067142"
"永和頂溪","台北大湖","11.537806016227"
"永和頂溪","板橋新埔","5.04979597615139"
"永和頂溪","彰化孔門","143.084385589207"
"永和頂溪","沙鹿中山二","128.937298812329"
"永和頂溪","高雄九如","290.672697068367"
"永和頂溪","高雄青年","293.056962175927"
"永和頂溪","中壢中正二","30.8905510083622"
"永和頂溪","龜山迴龍","10.9965893351101"
"永和頂溪","台中沙鹿","135.369099153686"
"永和頂溪","雲林虎尾","181.726891723689"
"永和頂溪","鳳山五甲二","295.082227933638"
"永和頂溪","高雄德賢","282.65041145808"
"永和頂溪","高雄華榮","288.869022470842"
"中壢中北","彰化中正","119.364833908813"
"中壢中北","新竹竹科","29.8059909521789"
"中壢中北","台北頂好","32.4316751110941"
"中壢中北","永和竹林","28.9294689780132"
"中壢中北","台中精誠","107.131771802415"
"中壢中北","大雅民生","100.709833220881"
"中壢中北","高雄慶豐","272.292982303591"
"中壢中北","淡水中正東","31.3637745159128"
"中壢中北","台北汐止","41.358593403309"
"中壢中北","台南東門","242.29849455664"
"中壢中北","彰化員林","130.227465783986"
"中壢中北","台東中華","245.377239755142"
"中壢中北","苗栗府前","61.1818027220125"
"中壢中北","台北威秀","34.2017500941228"
"中壢中北","台中向上","107.633658387846"
"中壢中北","台中文心","104.036553793004"
"中壢中北","高雄楠梓","264.654334936549"
"中壢中北","高雄富國","272.458220463916"
"中壢中北","新莊幸福二","23.6422081007315"
"中壢中北","龍潭中正","10.1787535318994"
"中壢中北","台北站前","29.6679492981145"
"中壢中北","台北敦南","32.1509707274159"
"中壢中北","台北民生東","33.4067544304674"
"中壢中北","台北大湖","38.9901685181088"
"中壢中北","板橋新埔","24.1519254913791"
"中壢中北","彰化孔門","120.351667954318"
"中壢中北","沙鹿中山二","104.750097836687"
"中壢中北","高雄九如","274.115058813299"
"中壢中北","高雄青年","276.465102142412"
"中壢中北","中壢中正二","2.32061722988061"
"中壢中北","龜山迴龍","18.2435427704418"
"中壢中北","台中沙鹿","111.693614194779"
"中壢中北","雲林虎尾","160.874024476923"
"中壢中北","鳳山五甲二","278.754603172915"
"中壢中北","高雄德賢","265.663000810712"
"中壢中北","高雄華榮","272.034430557253"
"中壢新站前","彰化中正","118.25818559582"
"中壢新站前","新竹竹科","28.4751799340235"
"中壢新站前","台北頂好","33.9447384071527"
"中壢新站前","永和竹林","30.4497614472455"
"中壢新站前","台中精誠","106.066727892792"
"中壢新站前","大雅民生","99.5923829815104"
"中壢新站前","高雄慶豐","271.488436404299"
"中壢新站前","淡水中正東","32.6391233712485"
"中壢新站前","台北汐止","42.8711811486082"
"中壢新站前","台南東門","241.394139773905"
"中壢新站前","彰化員林","129.202704578494"
"中壢新站前","台東中華","245.031693924691"
"中壢新站前","苗栗府前","59.9392551307839"
"中壢新站前","台北威秀","35.7192661093024"
"中壢新站前","台中向上","106.573012164848"
"中壢新站前","台中文心","102.976722614549"
"中壢新站前","高雄楠梓","263.853706491981"
"中壢新站前","高雄富國","271.660993906929"
"中壢新站前","新莊幸福二","25.1161060255034"
"中壢新站前","龍潭中正","9.6527313495433"
"中壢新站前","台北站前","31.1728113349408"
"中壢新站前","台北敦南","33.6700885780847"
"中壢新站前","台北民生東","34.911097570841"
"中壢新站前","台北大湖","40.4874549148225"
"中壢新站前","板橋新埔","25.6622547287189"
"中壢新站前","彰化孔門","119.242978265413"
"中壢新站前","沙鹿中山二","103.553363133471"
"中壢新站前","高雄九如","273.327182371693"
"中壢新站前","高雄青年","275.674771972223"
"中壢新站前","中壢中正二","0.834510376221287"
"中壢新站前","龜山迴龍","19.7385571681605"
"中壢新站前","台中沙鹿","110.527407656422"
"中壢新站前","雲林虎尾","159.864438634111"
"中壢新站前","鳳山五甲二","277.97900072202"
"中壢新站前","高雄德賢","264.852117456629"
"中壢新站前","高雄華榮","271.231025116837"
"新桃園三民","彰化中正","127.44809036849"
"新桃園三民","新竹竹科","38.373758309295"
"新桃園三民","台北頂好","24.3060598016928"
"新桃園三民","永和竹林","21.1352966246768"
"新桃園三民","台中精誠","115.104725918569"
"新桃園三民","大雅民生","108.830310698717"
"新桃園三民","高雄慶豐","279.334448770875"
"新桃園三民","淡水中正東","22.9938080937706"
"新桃園三民","台北汐止","33.1918374421343"
"新桃園三民","台南東門","249.710153995972"
"新桃園三民","彰化員林","138.069577576093"
"新桃園三民","台東中華","250.488315995484"
"新桃園三民","苗栗府前","69.6071288386796"
"新桃園三民","台北威秀","26.1927347592984"
"新桃園三民","台中向上","115.59371824615"
"新桃園三民","台中文心","111.996417145242"
"新桃園三民","高雄楠梓","271.682599857193"
"新桃園三民","高雄富國","279.47195244215"
"新桃園三民","新莊幸福二","15.1593371530705"
"新桃園三民","龍潭中正","17.4633208070687"
"新桃園三民","台北站前","21.4158616577611"
"新桃園三民","台北敦南","24.2289359396674"
"新桃園三民","台北民生東","25.134363349987"
"新桃園三民","台北大湖","30.6314667647838"
"新桃園三民","板橋新埔","16.0257234503331"
"新桃園三民","彰化孔門","128.440089670025"
"新桃園三民","沙鹿中山二","113.063595234392"
"新桃園三民","高雄九如","281.092879647303"
"新桃園三民","高雄青年","283.451796035069"
"新桃園三民","中壢中正二","10.6825758099375"
"新桃園三民","龜山迴龍","9.9558066785286"
"新桃園三民","台中沙鹿","119.933314414383"
"新桃園三民","雲林虎尾","168.657311052675"
"新桃園三民","鳳山五甲二","285.684457931755"
"新桃園三民","高雄德賢","272.729713538423"
"新桃園三民","高雄華榮","279.071641752571"
"桃園秀山","彰化中正","126.200700285636"
"桃園秀山","新竹竹科","37.2099199975899"
"桃園秀山","台北頂好","25.1538498319304"
"桃園秀山","永和竹林","21.8630138716514"
"桃園秀山","台中精誠","113.852857574114"
"桃園秀山","大雅民生","107.585324483556"
"桃園秀山","高雄慶豐","278.090172530439"
"桃園秀山","淡水中正東","24.2298781464556"
"桃園秀山","台北汐止","34.0625396584839"
"桃園秀山","台南東門","248.455622194722"
"桃園秀山","彰化員林","136.814148625083"
"桃園秀山","台東中華","249.362509457782"
"桃園秀山","苗栗府前","68.3965507731909"
"桃園秀山","台北威秀","27.0010056677982"
"桃園秀山","台中向上","114.341414003861"
"桃園秀山","台中文心","110.744159790856"
"桃園秀山","高雄楠梓","270.438754554982"
"桃園秀山","高雄富國","278.228683714921"
"桃園秀山","新莊幸福二","16.1633729487924"
"桃園秀山","龍潭中正","16.2079380421766"
"桃園秀山","台北站前","22.3101944913557"
"桃園秀山","台北敦南","25.0048526105313"
"桃園秀山","台北民生東","26.0407583409186"
"桃園秀山","台北大湖","31.5785285274998"
"桃園秀山","板橋新埔","16.859543992465"
"桃園秀山","彰化孔門","127.192951788555"
"桃園秀山","沙鹿中山二","111.834689142163"
"桃園秀山","高雄九如","279.850968483445"
"桃園秀山","高雄青年","282.20956113441"
"桃園秀山","中壢中正二","9.64691971697287"
"桃園秀山","龜山迴龍","10.8430425017507"
"桃園秀山","台中沙鹿","118.696758894634"
"桃園秀山","雲林虎尾","167.400927660331"
"桃園秀山","鳳山五甲二","284.444452230652"
"桃園秀山","高雄德賢","271.484511489539"
"桃園秀山","高雄華榮","277.827516542071"
"新竹城隍","彰化中正","90.474736958293"
"新竹城隍","新竹竹科","4.97251749184907"
"新竹城隍","台北頂好","64.2032235508255"
"新竹城隍","永和竹林","60.3696196650355"
"新竹城隍","台中精誠","79.0608833954602"
"新竹城隍","大雅民生","71.8521410465508"
"新竹城隍","高雄慶豐","247.528292817337"
"新竹城隍","淡水中正東","63.2051425460995"
"新竹城隍","台北汐止","73.0805724836226"
"新竹城隍","台南東門","215.980598992323"
"新竹城隍","彰化員林","102.560765387237"
"新竹城隍","台東中華","229.118125864287"
"新竹城隍","苗栗府前","31.0115201425749"
"新竹城隍","台北威秀","65.7953586393016"
"新竹城隍","台中向上","79.630294887875"
"新竹城隍","台中文心","76.100559212387"
"新竹城隍","高雄楠梓","239.979266698805"
"新竹城隍","高雄富國","247.816156446999"
"新竹城隍","新莊幸福二","55.8602000033804"
"新竹城隍","龍潭中正","26.1659293503061"
"新竹城隍","台北站前","61.6233817566387"
"新竹城隍","台北敦南","63.6700392116949"
"新竹城隍","台北民生東","65.3486819512058"
"新竹城隍","台北大湖","71.0032891274844"
"新竹城隍","板橋新埔","56.0581679926883"
"新竹城隍","彰化孔門","91.420736014634"
"新竹城隍","沙鹿中山二","74.6173836341564"
"新竹城隍","高雄九如","249.625782421804"
"新竹城隍","高雄青年","251.927303475626"
"新竹城隍","中壢中正二","30.24276015391"
"新竹城隍","龜山迴龍","50.3726308777021"
"新竹城隍","台中沙鹿","81.9545537941986"
"新竹城隍","雲林虎尾","133.219015412068"
"新竹城隍","鳳山五甲二","254.459245302005"
"新竹城隍","高雄德賢","240.812180363778"
"新竹城隍","高雄華榮","247.289675895871"
"台南公園南","彰化中正","125.437790682768"
"台南公園南","新竹竹科","214.720427420475"
"台南公園南","台北頂好","264.70321458062"
"台南公園南","永和竹林","260.457747601089"
"台南公園南","台中精誠","135.982344113517"
"台南公園南","大雅民生","143.54373856576"
"台南公園南","高雄慶豐","38.5548104781444"
"台南公園南","淡水中正東","271.33007321164"
"台南公園南","台北汐止","271.497778457916"
"台南公園南","台南東門","2.75602966635679"
"台南公園南","彰化員林","112.481400826811"
"台南公園南","台東中華","101.082122113922"
"台南公園南","苗栗府前","184.245084603505"
"台南公園南","台北威秀","265.176296409964"
"台南公園南","台中向上","135.394473878822"
"台南公園南","台中文心","138.888547372101"
"台南公園南","高雄楠梓","33.0720692079825"
"台南公園南","高雄富國","39.5762649251178"
"台南公園南","新莊幸福二","260.506154587408"
"台南公園南","龍潭中正","231.573326222777"
"台南公園南","台北站前","263.537566926101"
"台南公園南","台北敦南","263.244170079277"
"台南公園南","台北民生東","266.46430532265"
"台南公園南","台北大湖","271.509329133892"
"台南公園南","板橋新埔","258.880000588884"
"台南公園南","彰化孔門","124.58016596628"
"台南公園南","沙鹿中山二","142.817660206396"
"台南公園南","高雄九如","42.0749424324267"
"台南公園南","高雄青年","43.701423000843"
"台南公園南","中壢中正二","240.329493808003"
"台南公園南","龜山迴龍","255.374689632797"
"台南公園南","台中沙鹿","135.062362611595"
"台南公園南","雲林虎尾","82.1067865706163"
"台南公園南","鳳山五甲二","47.3652134096242"
"台南公園南","高雄德賢","32.4470422173911"
"台南公園南","高雄華榮","38.4783779653131"
"台南青年","彰化中正","126.382771806484"
"台南青年","新竹竹科","215.557085325053"
"台南青年","台北頂好","265.371857535356"
"台南青年","永和竹林","261.129387886856"
"台南青年","台中精誠","136.86837845014"
"台南青年","大雅民生","144.453478083806"
"台南青年","高雄慶豐","37.2431920052997"
"台南青年","淡水中正東","272.059608026786"
"台南青年","台北汐止","272.140463838653"
"台南青年","台南東門","1.50742235898653"
"台南青年","彰化員林","113.373856712296"
"台南青年","台東中華","100.104739353197"
"台南青年","苗栗府前","185.129734027251"
"台南青年","台北威秀","265.83546939456"
"台南青年","台中向上","136.278163057887"
"台南青年","台中文心","139.765620225398"
"台南青年","高雄楠梓","31.7169872211921"
"台南青年","高雄富國","38.2535122718661"
"台南青年","新莊幸福二","261.214488799684"
"台南青年","龍潭中正","232.335068055045"
"台南青年","台北站前","264.219168460517"
"台南青年","台北敦南","263.907674079007"
"台南青年","台北民生東","267.135452829711"
"台南青年","台北大湖","272.168839966716"
"台南青年","板橋新埔","259.575414116924"
"台南青年","彰化孔門","125.529412160793"
"台南青年","沙鹿中山二","143.790276123106"
"台南青年","高雄九如","40.7469492546609"
"台南青年","高雄青年","42.3881738953021"
"台南青年","中壢中正二","241.111656439849"
"台南青年","龜山迴龍","256.092807287641"
"台南青年","台中沙鹿","136.03356722688"
"台南青年","雲林虎尾","83.0488116780254"
"台南青年","鳳山五甲二","46.0414830736377"
"台南青年","高雄德賢","31.1079893147445"
"台南青年","高雄華榮","37.1633123925523"
"台南中正","彰化中正","126.594533505617"
"台南中正","新竹竹科","215.900215954003"
"台南中正","台北頂好","265.894431206235"
"台南中正","永和竹林","261.648984160857"
"台南中正","台中精誠","137.153565034357"
"台南中正","大雅民生","144.709593767132"
"台南中正","高雄慶豐","37.711301879708"
"台南中正","淡水中正東","272.520182715413"
"台南中正","台北汐止","272.688512866323"
"台南中正","台南東門","2.76075601469436"
"台南中正","彰化員林","113.651470660596"
"台南中正","台東中華","101.386605500368"
"台南中正","苗栗府前","185.416332312175"
"台南中正","台北威秀","266.367400393465"
"台南中正","台中向上","136.566185166067"
"台南中正","台中文心","140.061569122703"
"台南中正","高雄楠梓","32.3679382777342"
"台南中正","高雄富國","38.7582245119471"
"台南中正","新莊幸福二","261.697020666596"
"台南中正","龍潭中正","232.761532788792"
"台南中正","台北站前","264.728816671498"
"台南中正","台北敦南","264.435334556219"
"台南中正","台北民生東","267.65553942252"
"台南中正","台北大湖","272.700439370911"
"台南中正","板橋新埔","260.071129597089"
"台南中正","彰化孔門","125.735677603935"
"台南中正","沙鹿中山二","143.965677500241"
"台南中正","高雄九如","41.2696363203615"
"台南中正","高雄青年","42.8598678516341"
"台南中正","中壢中正二","241.515955982548"
"台南中正","龜山迴龍","256.565260784337"
"台南中正","台中沙鹿","136.210925840839"
"台南中正","雲林虎尾","83.2651135529477"
"台南中正","鳳山五甲二","46.5473990184515"
"台南中正","高雄德賢","31.6782573092808"
"台南中正","高雄華榮","37.6425183070496"
"高雄覺民二","彰化中正","162.085363915487"
"高雄覺民二","新竹竹科","248.475549456708"
"高雄覺民二","台北頂好","294.321283043139"
"高雄覺民二","永和竹林","290.171431869993"
"高雄覺民二","台中精誠","171.386064853657"
"高雄覺民二","大雅民生","179.338412270891"
"高雄覺民二","高雄慶豐","4.58342485057901"
"高雄覺民二","淡水中正東","302.357503719868"
"高雄覺民二","台北汐止","300.453066404935"
"高雄覺民二","台南東門","39.8578201033412"
"高雄覺民二","彰化員林","148.300033975966"
"高雄覺民二","台東中華","85.231500336276"
"高雄覺民二","苗栗府前","219.212806578473"
"高雄覺民二","台北威秀","294.564630278206"
"高雄覺民二","台中向上","170.758365602471"
"高雄覺民二","台中文心","174.083612555172"
"高雄覺民二","高雄楠梓","9.66915147728853"
"高雄覺民二","高雄富國","3.07689423294182"
"高雄覺民二","新莊幸福二","291.08985068926"
"高雄覺民二","龍潭中正","263.558187177589"
"高雄覺民二","台北站前","293.471512713398"
"高雄覺民二","台北敦南","292.747363941614"
"高雄覺民二","台北民生東","296.132576020605"
"高雄覺民二","台北大湖","300.870783547787"
"高雄覺民二","板橋新埔","289.167526185156"
"高雄覺民二","彰化孔門","161.316139251628"
"高雄覺民二","沙鹿中山二","179.830907109012"
"高雄覺民二","高雄九如","0.978143719605692"
"高雄覺民二","高雄青年","3.12623353706908"
"高雄覺民二","中壢中正二","272.729001706474"
"高雄覺民二","龜山迴龍","286.215970692739"
"高雄覺民二","台中沙鹿","172.111056833108"
"高雄覺民二","雲林虎尾","119.309979668549"
"高雄覺民二","鳳山五甲二","5.3795005259241"
"高雄覺民二","高雄德賢","9.79890545225351"
"高雄覺民二","高雄華榮","4.44102571981541"
"台南勝利","彰化中正","125.853490447714"
"台南勝利","新竹竹科","214.944798799083"
"台南勝利","台北頂好","264.656819345951"
"台南勝利","永和竹林","260.416004064893"
"台南勝利","台中精誠","136.293053145519"
"台南勝利","大雅民生","143.895714920251"
"台南勝利","高雄慶豐","37.3263084344257"
"台南勝利","淡水中正東","271.378756109237"
"台南勝利","台北汐止","271.411639420222"
"台南勝利","台南東門","1.06235440205013"
"台南勝利","彰化員林","112.804364416279"
"台南勝利","台東中華","99.2991376464374"
"台南勝利","苗栗府前","184.55205500975"
"台南勝利","台北威秀","265.115359537159"
"台南勝利","台中向上","135.7011306434"
"台南勝利","台中文心","139.183614515099"
"台南勝利","高雄楠梓","31.6531479588431"
"台南勝利","高雄富國","38.3065129790513"
"台南勝利","新莊幸福二","260.52147514173"
"台南勝利","龍潭中正","231.673953315879"
"台南勝利","台北站前","263.511184697085"
"台南勝利","台北敦南","263.189889755668"
"台南勝利","台北民生東","266.421751479382"
"台南勝利","台北大湖","271.448858459799"
"台南勝利","板橋新埔","258.875122237657"
"台南勝利","彰化孔門","125.003639669511"
"台南勝利","沙鹿中山二","143.283218781162"
"台南勝利","高雄九如","40.7837110837618"
"台南勝利","高雄青年","42.4650692746973"
"台南勝利","中壢中正二","240.463171462364"
"台南勝利","龜山迴龍","255.405451819313"
"台南勝利","台中沙鹿","135.525602834826"
"台南勝利","雲林虎尾","82.520125679654"
"台南勝利","鳳山五甲二","46.0889600520237"
"台南勝利","高雄德賢","31.1133038913218"
"台南勝利","高雄華榮","37.2376275000643"
"內壢忠孝二","彰化中正","121.933143803075"
"內壢忠孝二","新竹竹科","32.3636202143743"
"內壢忠孝二","台北頂好","30.2431796769832"
"內壢忠孝二","永和竹林","26.8687334346282"
"內壢忠孝二","台中精誠","109.68758563867"
"內壢忠孝二","大雅民生","103.281151873409"
"內壢忠孝二","高雄慶豐","274.703397991328"
"內壢忠孝二","淡水中正東","28.7838149273343"
"內壢忠孝二","台北汐止","39.1597540987816"
"內壢忠孝二","台南東門","244.775086219557"
"內壢忠孝二","彰化員林","132.767431271937"
"內壢忠孝二","台東中華","247.362758619488"
"內壢忠孝二","苗栗府前","63.764144526936"
"內壢忠孝二","台北威秀","32.065325258279"
"內壢忠孝二","台中向上","110.187932880378"
"內壢忠孝二","台中文心","106.590633342228"
"內壢忠孝二","高雄楠梓","267.062044440475"
"內壢忠孝二","高雄富國","274.863358094937"
"內壢忠孝二","新莊幸福二","21.2692450706683"
"內壢忠孝二","龍潭中正","12.5019405505055"
"內壢忠孝二","台北站前","27.4193936869782"
"內壢忠孝二","台北敦南","30.0470773658958"
"內壢忠孝二","台北民生東","31.1522927640213"
"內壢忠孝二","台北大湖","36.6954967665799"
"內壢忠孝二","板橋新埔","21.9485689910612"
"內壢忠孝二","彰化孔門","122.920504836689"
"內壢忠孝二","沙鹿中山二","107.333362256697"
"內壢忠孝二","高雄九如","276.513349167051"
"內壢忠孝二","高雄青年","278.865159012473"
"內壢忠孝二","中壢中正二","4.54889776139482"
"內壢忠孝二","龜山迴龍","15.9561802685509"
"內壢忠孝二","台中沙鹿","114.27400558563"
"內壢忠孝二","雲林虎尾","163.406886984744"
"內壢忠孝二","鳳山五甲二","281.143726849531"
"內壢忠孝二","高雄德賢","268.078029825972"
"內壢忠孝二","高雄華榮","274.44403162765"
"土城明德","彰化中正","136.31785476247"
"土城明德","新竹竹科","50.8760501336398"
"土城明德","台北頂好","10.3461063745422"
"土城明德","永和竹林","6.23775676149612"
"土城明德","台中精誠","123.624477361314"
"土城明德","大雅民生","117.980078208824"
"土城明德","高雄慶豐","284.163099050149"
"土城明德","淡水中正東","18.9018782597551"
"土城明德","台北汐止","19.0006948551286"
"土城明德","台南東門","255.736891315015"
"土城明德","彰化員林","145.953330311956"
"土城明德","台東中華","250.49724999101"
"土城明德","苗栗府前","80.5825563540229"
"土城明德","台北威秀","11.6918045555841"
"土城明德","台中向上","124.061158888068"
"土城明德","台中文心","120.491479798999"
"土城明德","高雄楠梓","276.487133278995"
"土城明德","高雄富國","284.218800375416"
"土城明德","新莊幸福二","7.21327696664431"
"土城明德","龍潭中正","28.3173669599948"
"土城明德","台北站前","8.48504700266499"
"土城明德","台北敦南","9.54349163834032"
"土城明德","台北民生東","11.831577030423"
"土城明德","台北大湖","17.4350563034055"
"土城明德","板橋新埔","4.23406220781138"
"土城明德","彰化孔門","137.325196402855"
"土城明德","沙鹿中山二","123.055589273515"
"土城明德","高雄九如","285.731803138207"
"土城明德","高雄青年","288.112192214656"
"土城明德","中壢中正二","25.3040758831389"
"土城明德","龜山迴龍","6.88624241817492"
"土城明德","台中沙鹿","129.527576912474"
"土城明德","雲林虎尾","176.181305585523"
"土城明德","鳳山五甲二","290.175960719311"
"土城明德","高雄德賢","277.645615580747"
"土城明德","高雄華榮","283.888242040112"
"台中大里","彰化中正","14.3092764241854"
"台中大里","新竹竹科","81.8433550120537"
"台中大里","台北頂好","135.005609199682"
"台中大里","永和竹林","130.710459437827"
"台中大里","台中精誠","5.82005555028201"
"台中大里","大雅民生","13.4919478719113"
"台中大里","高雄慶豐","165.693838724817"
"台中大里","淡水中正東","139.835372782265"
"台中大里","台北汐止","142.633204162398"
"台中大里","台南東門","133.889429347663"
"台中大里","彰化員林","21.047056594372"
"台中大里","台東中華","158.303601070138"
"台中大里","苗栗府前","51.6692424406568"
"台中大里","台北威秀","135.800784257016"
"台中大里","台中向上","5.25068070906655"
"台中大里","台中文心","7.11456299596403"
"台中大里","高雄楠梓","158.198560315254"
"台中大里","高雄富國","166.033405301441"
"台中大里","新莊幸福二","129.621965973863"
"台中大里","龍潭中正","99.5802946158309"
"台中大里","台北站前","133.425904019642"
"台中大里","台北敦南","133.741758361013"
"台中大里","台北民生東","136.661739491616"
"台中大里","台北大湖","142.042486620106"
"台中大里","板橋新埔","128.385951394693"
"台中大里","彰化孔門","15.2007408134738"
"台中大里","沙鹿中山二","19.6986662280044"
"台中大里","高雄九如","167.909804603689"
"台中大里","高雄青年","170.183228000333"
"台中大里","中壢中正二","107.935209279064"
"台中大里","龜山迴龍","124.264127698481"
"台中大里","台中沙鹿","16.4668658272549"
"台中大里","雲林虎尾","51.6372618625804"
"台中大里","鳳山五甲二","172.829167825984"
"台中大里","高雄德賢","158.955363923524"
"台中大里","高雄華榮","165.463877571671"
"台中黎明","彰化中正","11.3424824199464"
"台中黎明","新竹竹科","80.1385977743877"
"台中黎明","台北頂好","135.219973983855"
"台中黎明","永和竹林","130.931582523055"
"台中黎明","台中精誠","2.02528384613484"
"台中黎明","大雅民生","8.43162393698661"
"台中黎明","高雄慶豐","168.88067244645"
"台中黎明","淡水中正東","139.280479976172"
"台中黎明","台北汐止","143.076140947075"
"台中黎明","台南東門","136.342508907555"
"台中黎明","彰化員林","22.7576262792627"
"台中黎明","台東中華","164.348092492553"
"台中黎明","苗栗府前","49.0806005168095"
"台中黎明","台北威秀","136.119592540041"
"台中黎明","台中向上","2.18541096373728"
"台中黎明","台中文心","4.78221769683383"
"台中黎明","高雄楠梓","161.456529319754"
"台中黎明","高雄富國","169.277689093135"
"台中黎明","新莊幸福二","129.403107269815"
"台中黎明","龍潭中正","98.9215143369211"
"台中黎明","台北站前","133.500027246124"
"台中黎明","台北敦南","134.029884331159"
"台中黎明","台北民生東","136.830568472873"
"台中黎明","台北大湖","142.297730363399"
"台中黎明","板橋新埔","128.338515944088"
"台中黎明","彰化孔門","12.3556280845466"
"台中黎明","沙鹿中山二","12.6835748977836"
"台中黎明","高雄九如","171.219233158783"
"台中黎明","高雄青年","173.461823855074"
"台中黎明","中壢中正二","106.910407313464"
"台中黎明","龜山迴龍","123.968889861017"
"台中黎明","台中沙鹿","9.6495712973647"
"台中黎明","雲林虎尾","53.2679066797881"
"台中黎明","鳳山五甲二","176.209983107253"
"台中黎明","高雄德賢","162.124676160664"
"台中黎明","高雄華榮","168.66111235543"
"台南海佃二","彰化中正","123.525973971882"
"台南海佃二","新竹竹科","212.990744256341"
"台南海佃二","台北頂好","263.269873972456"
"台南海佃二","永和竹林","259.019249362114"
"台南海佃二","台中精誠","134.172820967838"
"台南海佃二","大雅民生","141.691413685741"
"台南海佃二","高雄慶豐","41.0777321323299"
"台南海佃二","淡水中正東","269.787511046622"
"台南海佃二","台北汐止","270.110709554954"
"台南海佃二","台南東門","5.22290650934068"
"台南海佃二","彰化員林","110.664543542994"
"台南海佃二","台東中華","102.78165567792"
"台南海佃二","苗栗府前","182.432939243193"
"台南海佃二","台北威秀","263.759926243459"
"台南海佃二","台中向上","133.589180710791"
"台南海佃二","台中文心","137.094460298881"
"台南海佃二","高雄楠梓","35.6377762705427"
"台南海佃二","高雄富國","42.1118959523483"
"台南海佃二","新莊幸福二","259.001953269684"
"台南海佃二","龍潭中正","229.975445173534"
"台南海佃二","台北站前","262.081053373611"
"台南海佃二","台北敦南","261.820124843058"
"台南海佃二","台北民生東","265.026383970845"
"台南海佃二","台北大湖","270.092036539006"
"台南海佃二","板橋新埔","257.398991031205"
"台南海佃二","彰化孔門","122.660993533822"
"台南海佃二","沙鹿中山二","140.85532531216"
"台南海佃二","高雄九如","44.6161518832315"
"台南海佃二","高雄青年","46.225677377944"
"台南海佃二","中壢中正二","238.694824141139"
"台南海佃二","龜山迴龍","253.853269092053"
"台南海佃二","台中沙鹿","133.103370148449"
"台南海佃二","雲林虎尾","80.2101609872917"
"台南海佃二","鳳山五甲二","49.9013390314226"
"台南海佃二","高雄德賢","35.0001847731223"
"台南海佃二","高雄華榮","41.0053499153023"
"高雄後昌","彰化中正","154.936715199709"
"高雄後昌","新竹竹科","242.007744181557"
"高雄後昌","台北頂好","288.728814166049"
"高雄後昌","永和竹林","284.55582799778"
"高雄後昌","台中精誠","164.492548854415"
"高雄後昌","大雅民生","172.382391028851"
"高雄後昌","高雄慶豐","4.97530027373906"
"高雄後昌","淡水中正東","296.487844650846"
"高雄後昌","台北汐止","294.999515478388"
"高雄後昌","台南東門","31.5135383166093"
"高雄後昌","彰化員林","141.28140276441"
"高雄後昌","台東中華","87.7543430658729"
"高雄後昌","苗栗府前","212.471725166448"
"高雄後昌","台北威秀","289.018548654276"
"高雄後昌","台中向上","163.871385966191"
"高雄後昌","台中文心","167.234993659951"
"高雄後昌","高雄楠梓","3.63623460038755"
"高雄後昌","高雄富國","5.7551180238203"
"高雄後昌","新莊幸福二","285.300152678316"
"高雄後昌","龍潭中正","257.460714464294"
"高雄後昌","台北站前","287.814748599241"
"高雄後昌","台北敦南","287.176488314311"
"高雄後昌","台北民生東","290.53169529671"
"高雄後昌","台北大湖","295.335949889225"
"高雄後昌","板橋新埔","283.435668421412"
"高雄後昌","彰化孔門","154.149209138375"
"高雄後昌","沙鹿中山二","172.637114318141"
"高雄後昌","高雄九如","8.22862592392394"
"高雄後昌","高雄青年","9.97985471129556"
"高雄後昌","中壢中正二","266.556857505425"
"高雄後昌","龜山迴龍","280.369984239071"
"高雄後昌","台中沙鹿","164.90002063402"
"高雄後昌","雲林虎尾","111.962383844971"
"高雄後昌","鳳山五甲二","13.5283206676783"
"高雄後昌","高雄德賢","1.87474038900573"
"高雄後昌","高雄華榮","4.8066039305634"
"高雄林森","彰化中正","163.11538692461"
"高雄林森","新竹竹科","249.810956870747"
"高雄林森","台北頂好","295.956781577424"
"高雄林森","永和竹林","291.799784494057"
"高雄林森","台中精誠","172.53792336113"
"高雄林森","大雅民生","180.46257597691"
"高雄林森","高雄慶豐","3.67583793449125"
"高雄林森","淡水中正東","303.907218051254"
"高雄林森","台北汐止","302.129629685503"
"高雄林森","台南東門","39.9319021447251"
"高雄林森","彰化員林","149.391613500578"
"高雄林森","台東中華","87.7264484708253"
"高雄林森","苗栗府前","220.43536335101"
"高雄林森","台北威秀","296.213923947635"
"高雄林森","台中向上","171.913093653494"
"高雄林森","台中文心","175.255761277056"
"高雄林森","高雄楠梓","10.5779943991601"
"高雄林森","高雄富國","2.78214794210472"
"高雄林森","新莊幸福二","292.664583159637"
"高雄林森","龍潭中正","265.029871841738"
"高雄林森","台北站前","295.087574061208"
"高雄林森","台北敦南","294.38922221891"
"高雄林森","台北民生東","297.765644763683"
"高雄林森","台北大湖","302.523698130416"
"高雄林森","板橋新埔","290.760282458081"
"高雄林森","彰化孔門","162.336905202595"
"高雄林森","沙鹿中山二","180.839653832126"
"高雄林森","高雄九如","1.55122034004813"
"高雄林森","高雄青年","1.49944737088229"
"高雄林森","中壢中正二","274.175114418279"
"高雄林森","龜山迴龍","287.772543378518"
"高雄林森","台中沙鹿","173.110322388586"
"高雄林森","雲林虎尾","120.230705892617"
"高雄林森","鳳山五甲二","5.25685544743594"
"高雄林森","高雄德賢","10.143766958061"
"高雄林森","高雄華榮","3.73719413471112"
